{"stat.chestOpened":81,"stat.cakeSlicesEaten":7,"stat.pickup.minecraft.bone":171,"stat.pickup.minecraft.wooden_slab":5,"stat.mineBlock.sky_orchards.leaves_bone":322,"stat.leaveGame":5,"stat.pickup.minecraft.arrow":88,"stat.pickup.minecraft.stone_axe":1,"stat.pickup.sky_orchards.acorn_petrified":15,"stat.pickup.sky_orchards.resin_dirt":17,"stat.pickup.sky_orchards.resin_clay":48,"stat.useItem.minecraft.rotten_flesh":1,"stat.jump":489,"stat.swimOneCm":1169,"stat.fallOneCm":224235,"stat.useItem.minecraft.planks":2,"stat.climbOneCm":1956,"stat.pickup.minecraft.glowstone_dust":2,"stat.pickup.minecraft.gunpowder":241,"stat.crouchOneCm":26592,"stat.mineBlock.sky_orchards.log_dirt":21,"stat.useItem.sky_orchards.sapling_bone":7,"stat.useItem.minecraft.stone_slab2":6,"stat.pickup.minecraft.rotten_flesh":160,"stat.pickup.sky_orchards.resin_bone":64,"stat.pickup.sky_orchards.sapling_sand":2,"stat.pickup.sky_orchards.sapling_dirt":13,"stat.craftItem.minecraft.stone_axe":2,"stat.damageTaken":2960,"stat.craftItem.minecraft.stone_pickaxe":2,"stat.mineBlock.minecraft.torch":1,"stat.mineBlock.sky_orchards.leaves_dirt":222,"stat.pickup.minecraft.cobblestone":2,"stat.mineBlock.minecraft.wooden_slab":7,"stat.pickup.minecraft.dye":17,"stat.craftItem.minecraft.stone_sword":2,"stat.flyOneCm":75657,"stat.useItem.minecraft.stone_pickaxe":5,"stat.craftItem.minecraft.wooden_slab":162,"stat.pickup.sky_orchards.resin_petrified":31,"stat.mineBlock.sky_orchards.log_bone":28,"stat.damageDealt":69,"stat.pickup.sky_orchards.sapling_petrified":9,"stat.timeSinceDeath":1876,"stat.drop.minecraft.log":1,"stat.useItem.minecraft.wooden_slab":163,"stat.pickup.sky_orchards.acorn_bone":35,"stat.walkOneCm":142538,"stat.mineBlock.sky_orchards.sapling_dirt":1,"stat.pickup.minecraft.wooden_axe":1,"stat.pickup.sky_orchards.sapling_bone":17,"stat.furnaceInteraction":5,"stat.talkedToVillager":3,"stat.useItem.xlfoodmod.coffee":1,"stat.useItem.sky_orchards.acorn_coal":22,"stat.pickup.minecraft.log":93,"stat.drop.sky_orchards.acorn_coal":6,"stat.pickup.sky_orchards.acorn_coal":38,"stat.pickup.matteroverdrive.rogue_android_part":10,"stat.useItem.sky_orchards.acorn_bone":12,"stat.pickup.tombstone.crafting_ingredient":19,"stat.useItem.sky_orchards.sapling_petrified":3,"stat.pickup.sky_orchards.acorn_dirt":25,"stat.sprintOneCm":210655,"stat.pickup.minecraft.skull":7,"stat.craftItem.minecraft.stick":20,"stat.useItem.carryon.tile_item":1,"stat.mineBlock.sky_orchards.leaves_petrified":110,"stat.craftItem.minecraft.planks":112,"stat.pickup.minecraft.stone_sword":1,"stat.useItem.minecraft.wooden_pressure_plate":1,"stat.craftItem.minecraft.wooden_pressure_plate":16,"stat.deaths":6,"stat.drop":7,"stat.playOneMinute":79129,"stat.sneakTime":7883,"stat.useItem.sky_orchards.acorn_dirt":1,"stat.useItem.minecraft.wooden_axe":57,"stat.useItem.sky_orchards.sapling_dirt":7,"stat.mineBlock.sky_orchards.log_petrified":16,"stat.diveOneCm":852,"stat.pickup.minecraft.chest":1}