{"stat.useItem.minecraft.bow":1,"stat.mineBlock.sky_orchards.log_coal":60,"stat.craftItem.sky_orchards.sapling_sand":1,"stat.craftItem.mysticalagradditions.nether_star_seeds":1,"stat.craftItem.mysticalagriculture.infusion_crystal":3,"stat.pickup.mekanism.machineblock2":46,"stat.drop.minecraft.gunpowder":70,"stat.pickup.sky_orchards.resin_quartz":1449,"stat.craftItem.sky_orchards.amber_osmium":295,"stat.entityKilledBy.Human":3,"stat.pickup.tconstruct.faucet":15,"stat.pickup.rustic.crushing_tub":1,"stat.mineBlock.sky_orchards.log_dirt":34,"stat.pickup.minecraft.rotten_flesh":3115,"stat.craftItem.minecraft.stone_axe":5,"stat.pickup.sky_orchards.resin_emerald":482,"stat.pickup.minecraft.bucket":1,"stat.killEntity.Enderman":2,"stat.mineBlock.slabmachines.furnace_slab":4,"stat.pickup.integrateddynamics.menril_berries":15,"stat.pickup.cyclicmagic.fan":5,"stat.pickup.horsepower.grindstone":5,"stat.pickup.darkutils.trap_move_hyper":8,"stat.craftItem.cyclicmagic.energy_pump":2,"stat.furnaceInteraction":474,"stat.entityKilledBy.WitherSkeleton":4,"stat.pickup.minecraft.sponge":2,"stat.craftItem.sky_orchards.acorn_dirt":1,"stat.pickup.sky_orchards.acorn_coal":582,"stat.pickup.sky_orchards.acorn_dirt":1319,"stat.pickup.mysticalagriculture.tier1_inferium_seeds":32,"stat.mineBlock.tconstruct.ore":25,"stat.mineBlock.sky_orchards.log_quartz":6,"stat.mineBlock.tp.diamond_cobblegen_block":5,"stat.mineBlock.minecraft.sponge":1,"stat.drop.thermaldynamics.servo":3,"stat.mineBlock.minecraft.fence":1,"stat.useItem.minecraft.flint_and_steel":2,"stat.craftItem.mysticalagriculture.prudentium_furnace":1,"stat.useItem.minecraft.wheat_seeds":1,"stat.pickup.cyclicmagic.energy_pump":4,"stat.craftItem.mysticalagriculture.dye_seeds":2,"stat.mineBlock.sky_orchards.log_tin":23,"stat.craftItem.morecauldrons.cobble_cauldron":6,"stat.pickup.sky_orchards.sapling_copper":44,"stat.craftItem.mysticalagriculture.supremium_bow":3,"stat.pickup.minecraft.lever":17,"stat.deaths":117,"stat.useItem.tconstruct.smeltery_io":25,"stat.pickup.minecraft.egg":6,"stat.pickup.xlfoodmod.raw_corn":39,"stat.pickup.sky_orchards.sapling_lapis":18,"stat.pickup.mekanism.energycube":1,"stat.drop.minecraft.iron_ingot":1,"stat.craftItem.minecraft.repeater":29,"stat.useItem.sky_orchards.sapling_sand":11,"stat.useItem.mekanismgenerators.generator":8,"stat.chestOpened":2902,"stat.pickup.thermalfoundation.wrench":1,"stat.useItem.sky_orchards.acorn_petrified":1,"stat.pickup.mysticalagriculture.platinum_essence":1,"stat.pickup.minecraft.iron_sword":1,"stat.mineBlock.mysticalagriculture.ultimate_reprocessor":1,"stat.craftItem.cyclicmagic.clock":27,"stat.pickup.sky_orchards.acorn_cobalt":6,"stat.mineBlock.sky_orchards.leaves_iron":943,"stat.craftItem.minecraft.quartz_block":135,"stat.craftItem.minecraft.coal":1941,"stat.craftItem.buildinggadgets.buildingtool":2,"stat.pickup.mysticalagriculture.enderman_essence":4,"stat.craftItem.mysticalagriculture.stone_seeds":1,"stat.pickup.minecraft.carrot":60,"stat.pickup.inspirations.dyed_bottle":2,"stat.crouchOneCm":230359,"stat.craftItem.minecraft.diamond":3186,"stat.craftItem.minecraft.iron_ingot":2003,"stat.pickup.rustic.grape_stem":12,"stat.pickup.bonsaitrees.bonsaipot":228,"stat.craftingTableInteraction":3,"stat.mineBlock.minecraft.wooden_pressure_plate":1,"stat.craftItem.cyclicmagic.fan":2,"stat.mineBlock.tconstruct.rack":4,"stat.useItem.cyclicmagic.trash":69,"stat.craftItem.tconstruct.pattern":3,"stat.mineBlock.minecraft.log2":15,"stat.mineBlock.tconstruct.smeltery_io":7,"stat.craftItem.cyclicmagic.block_fragile_weak":256,"stat.craftItem.tconstruct.seared_glass":12,"stat.pickup.minecraft.dye":363,"stat.pickup.minecraft.planks":965,"stat.pickup.mysticalagriculture.cow_seeds":1,"stat.pickup.sky_orchards.resin_iron":3055,"stat.useItem.cyclicmagic.spikes_iron":1,"stat.pickup.thermaldynamics.duct_16":43,"stat.mineBlock.horsepower.grindstone":5,"stat.craftItem.minecraft.magma":18,"stat.craftItem.thermaldynamics.duct_16":54,"stat.pickup.sky_orchards.sapling_iron":196,"stat.drop.minecraft.rotten_flesh":8,"stat.craftItem.bdsandm.metal_crate":37,"stat.drop.bonsaitrees.bonsaipot":1,"stat.pickup.sky_orchards.resin_gravel":450,"stat.drop.xlfoodmod.coffee_cup":2,"stat.pickup.sky_orchards.resin_silver":413,"stat.pickup.minecraft.chicken":1,"stat.craftItem.cyclicmagic.auto_crafter":8,"stat.pickup.minecraft.end_stone":1,"stat.pickup.minecraft.coal_block":1,"stat.useItem.mysticalagriculture.growth_accelerator":242,"stat.craftItem.minecraft.bucket":11,"stat.craftItem.minecraft.planks":13649,"stat.craftItem.minecraft.dirt":321,"stat.pickup.minecraft.stone_sword":3,"stat.craftItem.minecraft.fishing_rod":1,"stat.craftItem.rustic.fertile_soil":292,"stat.pickup.sky_orchards.leaves_petrified":192,"stat.useItem.carryon.entity_item":2,"stat.craftItem.storagenetwork.master":2,"stat.pickup.sky_orchards.amber_copper":17,"stat.pickup.appliedenergistics2.part":4,"stat.mineBlock.cyclicmagic.placer_block":3,"stat.useItem.sky_orchards.sapling_netherrack":1,"stat.craftItem.minecraft.cobblestone":54,"stat.craftItem.mysticalagriculture.wither_skeleton_seeds":1,"stat.drop.sky_orchards.resin_dirt":2,"stat.pickup.cyclicmagic.sprinkler":2,"stat.mineBlock.minecraft.cobblestone":642,"stat.mineBlock.minecraft.pumpkin":2,"stat.pickup.minecraft.flint":91,"stat.killEntity.Human":53,"stat.drop.mekanism.otherdust":5,"stat.craftItem.mysticalagriculture.blaze_seeds":1,"stat.useItem.thermaldynamics.duct_16":25,"stat.drop.minecraft.cobblestone":2,"stat.mineBlock.morecauldrons.oak_cauldron":1,"stat.craftItem.mob_grinding_utils.absorption_hopper":8,"stat.drop.sky_orchards.leaves_dirt":61,"stat.useItem.minecraft.stone_slab2":1312,"stat.pickup.forge.bucketfilled":2,"stat.pickup.minecraft.stone_hoe":1,"stat.craftItem.minecraft.furnace":19,"stat.useItem.mysticalagriculture.fire_seeds":7,"stat.craftItem.minecraft.lapis_block":34,"stat.pickup.thermalfoundation.ore":1,"stat.pickup.tp.cobblegen_block":3,"stat.mineBlock.cyclicmagic.trash":16,"stat.mineBlock.minecraft.clay":2,"stat.craftItem.storagenetwork.ex_kabel":8,"stat.craftItem.tp.reinforced_obsidian":30,"stat.useItem.thermaldynamics.duct_32":1238,"stat.mineBlock.morecauldrons.cobble_cauldron":7,"stat.mineBlock.fluxnetworks.fluxpoint":6,"stat.pickup.mysticalagriculture.enderium_essence":1,"stat.useItem.minecraft.wooden_slab":740,"stat.drop.minecraft.spider_eye":2,"stat.drop.matteroverdrive.phaser_rifle":1,"stat.craftItem.minecraft.iron_block":8,"stat.pickup.thermaldynamics.retriever":85,"stat.craftItem.telepastries.overworld_cake":1,"stat.pickup.thermaldynamics.duct_0":75,"stat.useItem.tconstruct.rack":2,"stat.pickup.sky_orchards.acorn_lead":729,"stat.killEntity.Creeper":27,"stat.ae2.ItemsInserted":4139,"stat.craftItem.mysticalagriculture.master_infusion_crystal":6,"stat.craftItem.mysticalagriculture.enderium_seeds":2,"stat.pickup.tombstone.crafting_ingredient":211,"stat.entityKilledBy.Skeleton":1,"stat.craftItem.tconstruct.stone_stick":8,"stat.useItem.sky_orchards.sapling_petrified":16,"stat.pickup.thermaldynamics.duct_32":611,"stat.killEntity.Squid":3,"stat.sprintOneCm":4162337,"stat.mineBlock.minecraft.stone_slab":173,"stat.useItem.carryon.tile_item":53,"stat.craftItem.industrialforegoing.black_hole_tank":1,"stat.mineBlock.sky_orchards.leaves_petrified":583,"stat.craftItem.mysticalagriculture.supremium_chestplate":6,"stat.mineBlock.sky_orchards.sapling_iron":1,"stat.pickup.sky_orchards.sapling_emerald":15,"stat.craftItem.sky_orchards.amber_prosperity":53,"stat.pickup.mysticalagriculture.supremium_furnace":1,"stat.craftItem.mysticalagriculture.tier4_inferium_seeds":1,"stat.craftItem.mysticalagriculture.water_seeds":1,"stat.pickup.minecraft.sugar":14,"stat.craftItem.darkutils.trap_move_fast":8,"stat.pickup.sky_orchards.resin_diamond":449,"stat.mineBlock.bonsaitrees.bonsaipot":129,"stat.craftItem.minecraft.emerald":47,"stat.pickup.mysticalagriculture.tier5_inferium_seeds":143,"stat.pickup.minecraft.iron_block":8,"stat.killEntity.Zombie":50,"stat.craftItem.minecraft.dye":2522,"stat.useItem.animalcrops.seeds":44,"stat.craftItem.minecraft.diamond_axe":1,"stat.craftItem.minecraft.slime_ball":44,"stat.pickup.minecraft.wheat":174,"stat.mineBlock.tp.iron_cobblegen_block":4,"stat.pickup.pickletweaks.magnet":1,"stat.pickup.deepmoblearning.pristine_matter_zombie":1,"stat.mineBlock.tconstruct.slime_leaves":84,"stat.pickup.minecraft.obsidian":71,"stat.pickup.storagenetwork.kabel":9,"stat.pickup.sky_orchards.resin_clay":480,"stat.useItem.mysticalagriculture.iron_seeds":7,"stat.pickup.minecraft.coal":230,"stat.pickup.minecraft.iron_ingot":115,"stat.pickup.tconstruct.seared_tank":8,"stat.mineBlock.sky_orchards.leaves_copper":55,"stat.craftItem.minecraft.lever":5,"stat.mineBlock.tp.reinforced_obsidian":4,"stat.drop.minecraft.diamond_sword":1,"stat.pickup.minecraft.gunpowder":5193,"stat.mineBlock.sky_orchards.log_sand":51,"stat.pickup.minecraft.dirt":4,"stat.pickup.cyclicmagic.clock":128,"stat.drop.tconstruct.clear_glass":1,"stat.mineBlock.minecraft.torch":222,"stat.mineBlock.industrialforegoing.latex_processing_unit":1,"stat.pickup.minecraft.written_book":2,"stat.mineBlock.minecraft.red_flower":5,"stat.craftItem.minecraft.glowstone":6,"stat.craftItem.mysticalagriculture.intermedium_furnace":2,"stat.pickup.cyclicmagic.block_user":10,"stat.pickup.sky_orchards.leaves_netherrack":128,"stat.pickup.astralsorcery.blockcustomore":3,"stat.drop.nuclearcraft.accelerator_electromagnet_idle":1,"stat.pickup.sky_orchards.sapling_clay":98,"stat.pickup.statues.blockplayerstatue":9,"stat.killEntity.bouncy_creepers.bouncy_creeper":93,"stat.useItem.storagenetwork.storage_kabel":33,"stat.mineBlock.mysticalagriculture.supremium_reprocessor":2,"stat.craftItem.tconstruct.smeltery_io":29,"stat.drop.minecraft.wheat":2,"stat.craftItem.mysticalagriculture.diamond_seeds":1,"stat.useItem.minecraft.lava_bucket":10,"stat.craftItem.morecauldrons.oak_cauldron":1,"stat.craftItem.slabmachines.chest_slab":2,"stat.pickup.sky_orchards.sapling_donut":1,"stat.pickup.tconstruct.clear_glass":32,"stat.drop.minecraft.netherrack":18,"stat.craftItem.mysticalagriculture.tier3_inferium_seeds":2,"stat.pickup.sky_orchards.acorn_netherrack":41,"stat.pickup.mob_grinding_utils.tank":11,"stat.mineBlock.cyclicmagic.dehydrator":1,"stat.craftItem.storagenetwork.im_kabel":4,"stat.craftItem.tconstruct.fancy_frame":24,"stat.craftItem.mysticalagriculture.nether_seeds":1,"stat.useItem.cyclicmagic.item_pipe":12,"stat.pickup.minecraft.cooked_beef":28,"stat.drop.minecraft.lever":1,"stat.drop.mysticalagriculture.supremium_bow":1,"stat.entityKilledBy.rogue_android":2,"stat.craftItem.minecraft.cookie":8,"stat.craftItem.mysticalagriculture.obsidian_seeds":1,"stat.mobKills":604,"stat.pickup.cyclicmagic.fluid_pipe":2,"stat.craftItem.fluxnetworks.flux":173,"stat.drop.minecraft.written_book":1,"stat.craftItem.minecraft.lead":2,"stat.craftItem.mysticalagriculture.nature_seeds":1,"stat.pickup.minecraft.beetroot_seeds":2,"stat.mineBlock.rustic.crushing_tub":1,"stat.mineBlock.sky_orchards.log_petrified":53,"stat.useItem.cyclicmagic.energy_pipe":26,"stat.pickup.tp.diamond_cobblegen_block":6,"stat.mineBlock.cyclicmagic.clock":134,"stat.pickup.cyclicmagic.energy_pipe":18,"stat.useItem.inspirations.potato_seeds":1,"stat.useItem.minecraft.soul_sand":12,"stat.mineBlock.cyclicmagic.item_pipe":10,"stat.killEntity.Blaze":49,"stat.mineBlock.mob_grinding_utils.absorption_hopper":19,"stat.useItem.cyclicmagic.fluid_pump":5,"stat.pickup.sky_orchards.resin_lead":454,"stat.craftItem.teslacorelib.machine_case":2,"stat.pickup.minecraft.glowstone_dust":10,"stat.drop.minecraft.wooden_door":2,"stat.pickup.matteroverdrive.omni_tool":2,"stat.drop.sky_orchards.sapling_petrified":1,"stat.useItem.darkutils.trap_move_hyper":7,"stat.craftItem.tconstruct.casting":34,"stat.mineBlock.minecraft.sand":1,"stat.pickup.storagenetwork.request":1,"stat.pickup.inspirations.mulch":130,"stat.mineBlock.sky_orchards.leaves_netherrack":51,"stat.craftItem.mysticalagriculture.fire_seeds":1,"stat.hopperInspected":72,"stat.pickup.tconstruct.slime_sapling":60,"stat.mineBlock.cyclicmagic.auto_packager":2,"stat.pickup.mekanismgenerators.generator":13,"stat.craftItem.fluxnetworks.fluxplug":1,"stat.craftItem.minecraft.magma_cream":94,"stat.pickup.integrateddynamics.menril_leaves":718,"stat.craftItem.minecraft.observer":20,"stat.drop.matteroverdrive.rogue_android_part":2,"stat.craftItem.thermalfoundation.material":494,"stat.craftItem.industrialforegoing.crop_recolector":1,"stat.useItem.industrialforegoing.crop_sower":1,"stat.pickup.cyclicmagic.spikes_iron":3,"stat.craftItem.cyclicmagic.spikes_iron":2,"stat.craftItem.cyclicmagic.block_user":10,"stat.pickup.mysticalagriculture.nature_essence":1,"stat.pickup.mysticalagriculture.tier2_inferium_seeds":2,"stat.useItem.thermaldynamics.duct_0":80,"stat.craftItem.cyclicmagic.block_soundproofing":8,"stat.pickup.mysticalagriculture.ultimate_reprocessor":1,"stat.useItem.bdsandm.metal_crate":131,"stat.killEntity.Horse":1,"stat.pickup.sky_orchards.leaves_lapis":384,"stat.mineBlock.storagenetwork.kabel":19,"stat.pickup.minecraft.stone_stairs":1,"stat.craftItem.mysticalagriculture.storage":8329,"stat.pickup.tconstruct.slime_dirt":2,"stat.craftItem.minecraft.obsidian":384,"stat.pickup.matteroverdrive.dilithium_ore":3,"stat.craftItem.nuclearcraft.water_source_compact":1,"stat.pickup.minecraft.blaze_rod":20,"stat.craftItem.minecraft.diamond_block":47,"stat.pickup.mekanism.otherdust":28,"stat.pickup.animalcrops.seeds":2,"stat.craftItem.mysticalagriculture.supremium_helmet":6,"stat.mineBlock.cyclicmagic.block_user":10,"stat.drop.statues.blockplayerstatue":1,"stat.pickup.minecraft.netherrack":60,"stat.craftItem.darkutils.trap_move":8,"stat.pickup.minecraft.pumpkin":2,"stat.craftItem.fluxnetworks.fluxpoint":3,"stat.useItem.slabmachines.crafting_station_slab":1,"stat.pickup.tconstruct.casting":9,"stat.craftItem.storagenetwork.kabel":152,"stat.craftItem.mysticalagriculture.cow_seeds":1,"stat.pickup.sky_orchards.acorn_petrified":628,"stat.pickup.sky_orchards.resin_sand":278,"stat.craftItem.telepastries.end_cake":1,"stat.craftItem.minecraft.iron_hoe":1,"stat.pickup.sky_orchards.resin_gold":343,"stat.craftItem.inspirations.mulch":88,"stat.pickup.sky_orchards.leaves_bone":732,"stat.pickup.sky_orchards.sapling_cobalt":3,"stat.pickup.nuclearcraft.ore":1,"stat.drop.matteroverdrive.omni_tool":1,"stat.mineBlock.sky_orchards.leaves_sand":432,"stat.pickup.sky_orchards.resin_tin":584,"stat.pickup.sky_orchards.leaves_emerald":254,"stat.drop.minecraft.bone":11,"stat.useItem.minecraft.furnace":3,"stat.craftItem.tconstruct.materials":543,"stat.pickup.sky_orchards.amber_osmium":18,"stat.pickup.nuclearcraft.gem":35,"stat.mineBlock.minecraft.gravel":1,"stat.pickup.mysticalagriculture.intermedium_furnace":1,"stat.mineBlock.sky_orchards.log_bone":23,"stat.pickup.industrialforegoing.pitiful_fuel_generator":4,"stat.craftItem.minecraft.leather":129,"stat.pickup.cyclicmagic.block_storeempty":1,"stat.drop.integrateddynamics.menril_log":1,"stat.useItem.minecraft.torch":449,"stat.craftItem.minecraft.redstone_block":102,"stat.craftItem.mysticalagriculture.iron_seeds":1,"stat.craftItem.minecraft.stone_stairs":12,"stat.useItem.minecraft.log":4,"stat.pickup.sky_orchards.acorn_gold":666,"stat.craftItem.minecraft.crafting_table":29,"stat.drop.sky_orchards.resin_copper":2,"stat.pickup.nuclearcraft.water_source_compact":3,"stat.pickup.cyclicmagic.dehydrator":1,"stat.pickup.minecraft.redstone_block":16,"stat.drop.sky_orchards.acorn_gravel":2,"stat.useItem.mysticalagriculture.soulium_dagger":383,"stat.pickup.sky_orchards.acorn_sand":846,"stat.drop.minecraft.planks":12,"stat.pickup.sky_orchards.amber_tin":38,"stat.pickup.minecraft.sapling":8,"stat.pickup.mysticalagriculture.growth_accelerator":159,"stat.pickup.minecraft.beetroot":1,"stat.craftItem.thermaldynamics.retriever":166,"stat.killEntity.WitherSkeleton":92,"stat.mineBlock.mysticalagriculture.intermedium_furnace":1,"stat.pickup.sky_orchards.acorn_lapis":590,"stat.craftItem.minecraft.sugar":1,"stat.useItem.sky_orchards.sapling_coal":10,"stat.pickup.sky_orchards.sapling_diamond":11,"stat.pickup.minecraft.stone_slab":178,"stat.craftItem.sky_orchards.sapling_prosperity":2,"stat.pickup.minecraft.yellow_flower":4,"stat.pickup.cyclicmagic.block_fragile_weak":2,"stat.mineBlock.sky_orchards.log_netherrack":6,"stat.drop.minecraft.stone_pickaxe":1,"stat.craftItem.minecraft.diamond_chestplate":1,"stat.pickup.minecraft.bone":2836,"stat.horseOneCm":6604,"stat.mineBlock.sky_orchards.leaves_gravel":542,"stat.craftItem.sky_orchards.sapling_quartz":3,"stat.pickup.sky_orchards.resin_dirt":629,"stat.useItem.minecraft.diamond_sword":177,"stat.craftItem.tconstruct.slimesling":1,"stat.craftItem.minecraft.diamond_helmet":1,"stat.climbOneCm":19516,"stat.craftItem.minecraft.gold_block":46,"stat.pickup.tconstruct.slime_leaves":1137,"stat.pickup.industrialforegoing.plastic":2,"stat.mineBlock.mekanism.energycube":1,"stat.craftItem.inspirations.stone_crook":1,"stat.ae2.ItemsExtracted":780,"stat.entityKilledBy.ranged_rogue_android":6,"stat.pickup.tp.watering_can":4,"stat.craftItem.minecraft.bone_block":143,"stat.craftItem.minecraft.trapdoor":186,"stat.craftItem.minecraft.quartz":4,"stat.craftItem.minecraft.stone_pickaxe":10,"stat.pickup.minecraft.cobblestone":7311,"stat.craftItem.mysticalagriculture.soulstone":200,"stat.craftItem.cyclicmagic.storage_bag":1,"stat.mineBlock.industrialforegoing.tree_fluid_extractor":1,"stat.pickup.sky_orchards.resin_coal":106,"stat.useItem.minecraft.cooked_beef":108,"stat.pickup.minecraft.cactus":7,"stat.pickup.sky_orchards.sapling_petrified":167,"stat.pickup.minecraft.redstone":9,"stat.craftItem.minecraft.dispenser":18,"stat.craftItem.minecraft.book":2,"stat.killEntity.ranged_rogue_android":17,"stat.craftItem.storagenetwork.upgrade":8,"stat.pickup.minecraft.cake":2,"stat.pickup.minecraft.iron_shovel":3,"stat.pickup.minecraft.trapdoor":7,"stat.mineBlock.storagenetwork.storage_kabel":6,"stat.useItem.xlfoodmod.coffee":1,"stat.craftItem.tconstruct.soil":1747,"stat.pickup.tconstruct.smeltery_controller":3,"stat.craftItem.darkutils.wither_block":1,"stat.mineBlock.sky_orchards.leaves_clay":328,"stat.craftItem.tconstruct.slime_boots":1,"stat.pickup.mysticalagriculture.wither_skeleton_seeds":1,"stat.pickup.minecraft.nether_star":1,"stat.craftItem.thermaldynamics.duct_32":460,"stat.craftItem.minecraft.stick":56,"stat.craftItem.minecraft.gold_nugget":252,"stat.pickup.minecraft.grass":1,"stat.craftItem.cyclicmagic.auto_packager":1,"stat.pickup.industrialforegoing.black_hole_tank":5,"stat.drop.xlfoodmod.raw_corn":2,"stat.entityKilledBy.Creeper":1,"stat.pickup.xlfoodmod.coffee_cup":2,"stat.pickup.sky_orchards.resin_copper":202,"stat.mineBlock.minecraft.planks":1600,"stat.drop":187,"stat.useItem.tconstruct.seared":576,"stat.pickup.mekanism.basicblock":1,"stat.pickup.sky_orchards.acorn_cottonwood":37,"stat.craftItem.minecraft.piston":3,"stat.pickup.morecauldrons.cobble_cauldron":8,"stat.pickup.minecraft.fence":1,"stat.useItem.minecraft.stone_axe":256,"stat.drop.thermalinnovation.magnet":1,"stat.pickup.farmingforblockheads.market":11,"stat.mineBlock.cyclicmagic.item_pump":3,"stat.pickup.sky_orchards.leaves_cottonwood":192,"stat.craftItem.minecraft.flint_and_steel":1,"stat.mineBlock.tconstruct.tooltables":8,"stat.craftItem.fluxnetworks.fluxblock":6,"stat.craftItem.mysticalagriculture.gear":76,"stat.mineBlock.minecraft.stone_stairs":1,"stat.craftItem.minecraft.iron_bars":176,"stat.mineBlock.minecraft.furnace":1,"stat.damageDealt":65194,"stat.craftItem.mysticalagradditions.insanium":21,"stat.craftItem.minecraft.gravel":150,"stat.craftItem.mekanism.atomicdisassembler":1,"stat.craftItem.nuclearcraft.part":48,"stat.pickup.minecraft.stick":11429,"stat.craftItem.cyclicmagic.item_pipe":16,"stat.pickup.tombstone.ankh_of_pray":1,"stat.pickup.sky_orchards.acorn_clay":636,"stat.pickup.sky_orchards.acorn_emerald":476,"stat.drop.tp.reinforced_obsidian":3,"stat.mineBlock.sky_orchards.log_gravel":92,"stat.craftItem.minecraft.diamond_boots":1,"stat.pickup.sky_orchards.acorn_gravel":800,"stat.craftItem.mekanismgenerators.generator":1,"stat.craftItem.nuclearcraft.manufactory_idle":1,"stat.craftItem.minecraft.redstone":225,"stat.pickup.minecraft.chorus_fruit":1,"stat.mineBlock.cyclicmagic.sprinkler":2,"stat.pickup.thermaldynamics.servo":59,"stat.pickup.sky_orchards.sapling_silver":142,"stat.craftItem.tp.watering_can":3,"stat.craftItem.bdsandm.wood_crate":54,"stat.useItem.tp.growth_upgrade_two":3,"stat.killEntity.Chicken":2,"stat.craftItem.mekanism.machineblock2":5,"stat.mineBlock.minecraft.quartz_ore":18,"stat.useItem.cyclicmagic.auto_crafter":4,"stat.pickup.slabmachines.chest_slab":2,"stat.mineBlock.minecraft.leaves":171,"stat.mineBlock.tp.emerald_cobblegen_block":4,"stat.mineBlock.tconstruct.seared":383,"stat.craftItem.mysticalagriculture.emerald_seeds":2,"stat.useItem.thermaldynamics.retriever":219,"stat.pickup.sky_orchards.leaves_copper":299,"stat.pickup.sky_orchards.acorn_osmium":4619,"stat.pickup.minecraft.wooden_slab":323,"stat.leaveGame":25,"stat.craftItem.thermalfoundation.wrench":1,"stat.craftItem.darkutils.material":8,"stat.pickup.tconstruct.edible":1,"stat.useItem.cyclicmagic.placer_block":2,"stat.craftItem.minecraft.ender_eye":122,"stat.mineBlock.farmingforblockheads.market":10,"stat.craftItem.minecraft.stone_pressure_plate":69,"stat.useItem.elevatorid.elevator_white":3,"stat.mineBlock.industrialforegoing.crop_recolector":2,"stat.pickup.sky_orchards.resin_cottonwood":633,"stat.pickup.sky_orchards.acorn_diamond":218,"stat.drop.twilightforest.ore_magnet":1,"stat.craftItem.telepastries.nether_cake":1,"stat.craftItem.sky_orchards.sapling_gravel":1,"stat.pickup.sky_orchards.sapling_dirt":48,"stat.drop.sky_orchards.acorn_netherrack":9,"stat.mineBlock.minecraft.wooden_slab":207,"stat.pickup.mysticalagriculture.chunk":29,"stat.pickup.integrateddynamics.menril_sapling":159,"stat.craftItem.bdsandm.upgrade":53,"stat.pickup.sky_orchards.resin_petrified":466,"stat.mineBlock.industrialforegoing.water_resources_collector":1,"stat.craftItem.minecraft.wooden_pickaxe":1,"stat.craftItem.fluxnetworks.fluxcontroller":1,"stat.craftItem.enderstorage.ender_storage":6,"stat.useItem.tconstruct.ore":1,"stat.mineBlock.tconstruct.clear_glass":41,"stat.pickup.cyclicmagic.item_pump":4,"stat.mineBlock.minecraft.hopper":27,"stat.pickup.thermalfoundation.material":14,"stat.craftItem.tp.iron_cobblegen_block":2,"stat.craftItem.mysticalagradditions.stuff":59,"stat.drop.minecraft.gravel":4,"stat.killEntity.ZombieVillager":3,"stat.craftItem.cyclicmagic.fluid_pipe":64,"stat.mineBlock.sky_orchards.leaves_quartz":51,"stat.killEntity.pink_slime":4,"stat.craftItem.industrialforegoing.dryrubber":18,"stat.craftItem.mysticalagriculture.crafting":10050,"stat.drop.sky_orchards.acorn_dirt":1,"stat.craftItem.storagenetwork.storage_kabel":52,"stat.craftItem.minecraft.beef":1192,"stat.useItem.minecraft.trapdoor":181,"stat.pickup.inspirations.potato_seeds":2,"stat.pickup.sky_orchards.sapling_coal":100,"stat.pickup.mob_grinding_utils.absorption_hopper":18,"stat.pickup.tconstruct.smeltery_io":6,"stat.drop.sky_orchards.sapling_netherrack":2,"stat.pickup.tp.iron_cobblegen_block":4,"stat.craftItem.minecraft.dropper":67,"stat.pickup.sky_orchards.leaves_coal":386,"stat.useItem.minecraft.dye":748,"stat.mineBlock.enderstorage.ender_storage":20,"stat.pickup.sky_orchards.leaves_dirt":442,"stat.pickup.storagenetwork.remote":4,"stat.killEntity.thermalfoundation.blitz":3,"stat.mineBlock.minecraft.tallgrass":17,"stat.pickup.tconstruct.seared":381,"stat.useItem.mob_grinding_utils.absorption_hopper":4,"stat.pickup.sky_orchards.acorn_quartz":1041,"stat.mineBlock.mekanism.machineblock2":1,"stat.pickup.minecraft.arrow":2356,"stat.craftItem.mekanism.machineblock":3,"stat.pickup.sky_orchards.resin_redstone":595,"stat.drop.mysticalagriculture.supremium_leggings":1,"stat.useItem.mysticalagriculture.wither_skeleton_seeds":7,"stat.mineBlock.industrialforegoing.crop_sower":5,"stat.useItem.minecraft.clay":2,"stat.useItem.xlfoodmod.raw_corn":2,"stat.mineBlock.elevatorid.elevator_white":3,"stat.pickup.tconstruct.cast_custom":1,"stat.useItem.sky_orchards.sapling_gravel":27,"stat.mineBlock.minecraft.chest":153,"stat.drop.cyclicmagic.block_enchanter":2,"stat.craftItem.minecraft.hopper":181,"stat.pickup.sky_orchards.resin_lapis":563,"stat.craftItem.mysticalagriculture.superium_furnace":1,"stat.craftItem.cyclicmagic.trash":37,"stat.drop.sky_orchards.resin_iron":4,"stat.pickup.sky_orchards.sapling_tin":150,"stat.pickup.sky_orchards.acorn_redstone":136,"stat.pickup.astralsorcery.blockcustomsandore":1,"stat.useItem.storagenetwork.process_kabel":7,"stat.mineBlock.cyclicmagic.fluid_pipe":2,"stat.pickup.bdsandm.metal_crate":93,"stat.mineBlock.cyclicmagic.melter":1,"stat.pickup.minecraft.wheat_seeds":128,"stat.drop.mysticalagriculture.crafting":24,"stat.pickup.darkutils.material":46,"stat.craftItem.mysticalagriculture.soul_glass":64,"stat.pickup.pickletweaks.dye_powder":3,"stat.pickup.sky_orchards.acorn_iron":2818,"stat.mineBlock.minecraft.dirt":5,"stat.pickup.mysticalagriculture.nether_seeds":3,"stat.pickup.inspirations.carrot_seeds":1,"stat.useItem.cyclicmagic.clock":134,"stat.useItem.minecraft.cobblestone":5625,"stat.useItem.minecraft.gravel":9,"stat.pickup.cyclicmagic.auto_packager":2,"stat.pickup.matteroverdrive.tritanium_spine":8,"stat.pickup.cyclicmagic.auto_crafter":4,"stat.craftItem.minecraft.gold_ingot":27,"stat.pickup.minecraft.hopper":27,"stat.mineBlock.industrialforegoing.black_hole_tank":7,"stat.mineBlock.sky_orchards.sapling_gravel":5,"stat.craftItem.industrialforegoing.water_resources_collector":1,"stat.useItem.mekanism.atomicdisassembler":1913,"stat.drop.storagenetwork.remote":6,"stat.pickup.morecauldrons.oak_cauldron":1,"stat.mineBlock.minecraft.log":8,"stat.useItem.minecraft.wooden_door":2,"stat.craftItem.minecraft.paper":9,"stat.useItem.cyclicmagic.fluid_pipe":11,"stat.craftItem.nuclearcraft.water_source":11,"stat.pickup.minecraft.red_flower":5,"stat.mineBlock.cyclicmagic.energy_pipe":17,"stat.cakeSlicesEaten":103,"stat.pickup.sky_orchards.resin_cobalt":6,"stat.craftItem.storagenetwork.remote":2,"stat.craftItem.minecraft.diamond_leggings":2,"stat.craftItem.tconstruct.edible":20,"stat.pickup.sky_orchards.resin_osmium":3514,"stat.drop.tconstruct.slime_sapling":1,"stat.mineBlock.minecraft.yellow_flower":3,"stat.useItem.minecraft.skull":11,"stat.craftItem.minecraft.wool":63,"stat.pickup.pickletweaks.coal_piece":276,"stat.mineBlock.mysticalagriculture.soul_glass":1,"stat.pickup.minecraft.glowstone":51,"stat.pickup.industrialforegoing.range_addon":6,"stat.mineBlock.cyclicmagic.energy_pump":4,"stat.pickup.minecraft.bow":1,"stat.mineBlock.fluxnetworks.fluxplug":1,"stat.craftItem.mysticalagriculture.tier2_inferium_seeds":20,"stat.useItem.xlfoodmod.corn_seeds":3,"stat.useItem.tconstruct.clear_glass":291,"stat.craftItem.minecraft.cooked_beef":1041,"stat.mineBlock.minecraft.obsidian":12,"stat.mineBlock.sky_orchards.leaves_dirt":279,"stat.craftItem.minecraft.bow":1,"stat.craftItem.sky_orchards.amber_gold":185,"stat.craftItem.cyclicmagic.item_pump":1,"stat.mineBlock.nuclearcraft.water_source_compact":3,"stat.flyOneCm":11078491,"stat.pickup.industrialforegoing.crop_recolector":2,"stat.mineBlock.sky_orchards.leaves_coal":639,"stat.pickup.minecraft.fish":5,"stat.mineBlock.cyclicmagic.block_enchanter":1,"stat.mineBlock.sky_orchards.log_copper":6,"stat.mineBlock.cyclicmagic.spikes_iron":3,"stat.timeSinceDeath":189150,"stat.pickup.minecraft.quartz_ore":1,"stat.useItem.morebuckets.insanium_bucket":4,"stat.useItem.cyclicmagic.block_user":5,"stat.killEntity.Bat":2,"stat.useItem.sky_orchards.leaves_gravel":1,"stat.mineBlock.industrialforegoing.pitiful_fuel_generator":4,"stat.craftItem.tconstruct.seared":232,"stat.craftItem.fluxnetworks.fluxcore":48,"stat.pickup.minecraft.shield":3,"stat.craftItem.minecraft.stone_hoe":1,"stat.useItem.tp.toasted_bread":1,"stat.pickup.minecraft.string":8,"stat.pickup.sky_orchards.amber_iron":1,"stat.mineBlock.minecraft.ladder":8,"stat.craftItem.morebuckets.insanium_bucket":2,"stat.pickup.sky_orchards.resin_netherrack":78,"stat.craftItem.mysticalagriculture.supremium_leggings":3,"stat.useItem.minecraft.written_book":1,"stat.craftItem.tconstruct.tooltables":28,"stat.pickup.sky_orchards.sapling_bacon":1,"stat.useItem.enderstorage.ender_storage":12,"stat.craftItem.mysticalagriculture.tier1_inferium_seeds":10,"stat.pickup.sky_orchards.leaves_gravel":455,"stat.craftItem.bdsandm.crate_key":1,"stat.pickup.sky_orchards.leaves_silver":475,"stat.pickup.tconstruct.ore":25,"stat.useItem.minecraft.ladder":19,"stat.pickup.sky_orchards.leaves_lead":246,"stat.mineBlock.practicallogistics2.hammer":1,"stat.diveOneCm":88776,"stat.pickup.tconstruct.tooltables":8,"stat.pickup.mysticalagriculture.ultimate_furnace":1,"stat.craftItem.minecraft.ladder":9,"stat.pickup.minecraft.stone_axe":1,"stat.craftItem.mysticalagriculture.enderman_seeds":1,"stat.useItem.bonsaitrees.bonsaipot":408,"stat.pickup.mysticalagriculture.master_infusion_crystal":1,"stat.pickup.mysticalagriculture.tier3_inferium_seeds":1,"stat.useItem.minecraft.rotten_flesh":4,"stat.pickup.matteroverdrive.tritanium_ore":4,"stat.drop.minecraft.sponge":1,"stat.craftItem.minecraft.diamond_sword":1,"stat.jump":37403,"stat.mineBlock.mekanism.boundingblock":1,"stat.craftItem.minecraft.torch":100,"stat.useItem.morecauldrons.cobble_cauldron":3,"stat.craftItem.cyclicmagic.placer_block":2,"stat.pickup.sky_orchards.resin_bone":115,"stat.pickup.mysticalagriculture.tier4_inferium_seeds":1,"stat.mineBlock.thermaldynamics.duct_32":29,"stat.damageTaken":46190,"stat.pickup.cyclicmagic.trash":15,"stat.drop.sky_orchards.acorn_diamond":2,"stat.pickup.minecraft.log2":23,"stat.drop.sky_orchards.sapling_gravel":1,"stat.craftItem.sky_orchards.amber_lead":691,"stat.pickup.bdsandm.upgrade":9,"stat.useItem.forge.bucketfilled":9,"stat.pickup.minecraft.potato":19,"stat.useItem.mob_grinding_utils.spikes":2,"stat.entityKilledBy.Zombie":1,"stat.craftItem.minecraft.stone_slab":402,"stat.useItem.minecraft.chest":466,"stat.pickup.sky_orchards.acorn_nickel":706,"stat.pickup.sky_orchards.leaves_gold":398,"stat.pickup.sky_orchards.sapling_bone":142,"stat.useItem.mysticalagradditions.supremium_paxel":317,"stat.pickup.sky_orchards.leaves_sand":695,"stat.craftItem.mekanism.ingot":18,"stat.pickup.tp.emerald_cobblegen_block":4,"stat.craftItem.sky_orchards.amber_silver":80,"stat.useItem.mysticalagriculture.supremium_sword":15,"stat.useItem.tconstruct.faucet":28,"stat.craftItem.mysticalagriculture.supremium_boots":4,"stat.craftItem.rustic.crushing_tub":2,"stat.pickup.minecraft.ender_pearl":65,"stat.drop.minecraft.wooden_slab":2,"stat.pickup.minecraft.ladder":14,"stat.useItem.minecraft.netherrack":8,"stat.craftItem.cyclicmagic.fluid_pump":17,"stat.craftItem.mysticalagriculture.invar_seeds":1,"stat.pickup.minecraft.torch":297,"stat.useItem.thermaldynamics.servo":8,"stat.drop.minecraft.stone_axe":1,"stat.mineBlock.tp.cobblegen_block":3,"stat.drop.minecraft.arrow":1,"stat.pickup.mysticalagradditions.nether_star_essence":5,"stat.craftItem.minecraft.nether_star":19,"stat.mineBlock.tconstruct.seared_tank":8,"stat.craftItem.minecraft.iron_axe":2,"stat.drop.cyclicmagic.energy_pipe":1,"stat.craftItem.storagenetwork.request":2,"stat.drop.minecraft.trapdoor":2,"stat.useItem.fluxnetworks.fluxpoint":3,"stat.useItem.minecraft.planks":1890,"stat.mineBlock.sky_orchards.leaves_tin":95,"stat.pickup.matteroverdrive.phaser_rifle":3,"stat.pickup.cyclicmagic.placer_block":3,"stat.pickup.enderstorage.ender_storage":18,"stat.pickup.minecraft.porkchop":3,"stat.useItem.mysticalagradditions.tier6_inferium_seeds":49,"stat.pickup.minecraft.glass":50,"stat.pickup.minecraft.blaze_powder":59,"stat.useItem.minecraft.water_bucket":78,"stat.useItem.sky_orchards.sapling_iron":27,"stat.pickup.minecraft.sand":25,"stat.drop.mekanism.atomicdisassembler":2,"stat.craftItem.darkutils.trap_move_hyper":8,"stat.useItem.mysticalagriculture.obsidian_seeds":8,"stat.drop.appliedenergistics2.part":2,"stat.useItem.minecraft.ender_pearl":3,"stat.pickup.elevatorid.elevator_white":3,"stat.craftItem.cyclicmagic.sprinkler":1,"stat.mineBlock.cyclicmagic.block_soundproofing":2,"stat.craftItem.minecraft.blaze_powder":128,"stat.pickup.sky_orchards.sapling_nickel":131,"stat.craftItem.storagenetwork.process_kabel":16,"stat.pickup.xlfoodmod.lettuce_seeds":1,"stat.craftItem.cookingforblockheads.sink":1,"stat.pickup.minecraft.furnace":1,"stat.craftItem.minecraft.ender_pearl":256,"stat.pickup.tconstruct.cast":3,"stat.pickup.sky_orchards.acorn_copper":254,"stat.craftItem.industrialforegoing.range_addon":3,"stat.pickup.minecraft.skull":84,"stat.useItem.minecraft.stone_stairs":11,"stat.craftItem.minecraft.netherrack":161,"stat.pickup.fluxnetworks.fluxpoint":6,"stat.useItem.tconstruct.seared_glass":7,"stat.pickup.cyclicmagic.block_soundproofing":3,"stat.craftItem.minecraft.sand":781,"stat.craftItem.nuclearcraft.gem":14,"stat.useItem.minecraft.hopper":45,"stat.useItem.storagenetwork.kabel":29,"stat.craftItem.minecraft.heavy_weighted_pressure_plate":86,"stat.useItem.mysticalagriculture.dirt_seeds":9,"stat.playOneMinute":4306576,"stat.useItem.rustic.fertile_soil":368,"stat.pickup.tconstruct.rack":4,"stat.craftItem.mysticalagriculture.growth_accelerator":1410,"stat.drop.minecraft.string":2,"stat.mineBlock.storagenetwork.request":1,"stat.useItem.tp.iron_cobblegen_block":1,"stat.craftItem.mysticalagriculture.soulium_dagger":1,"stat.craftItem.minecraft.pumpkin_pie":1,"stat.entityKilledBy.thermalfoundation.blitz":2,"stat.pickup.tp.toasted_bread":1,"stat.craftItem.mysticalagriculture.tier5_inferium_seeds":1,"stat.craftItem.tp.cobblegen_block":6,"stat.mineBlock.minecraft.netherrack":33,"stat.mineBlock.bdsandm.metal_crate":70,"stat.mineBlock.appliedenergistics2.cable_bus":1,"stat.pickup.practicallogistics2.hammer":1,"stat.craftItem.mysticalagriculture.chunk":16,"stat.mineBlock.tconstruct.faucet":15,"stat.craftItem.mob_grinding_utils.spikes":5,"stat.craftItem.minecraft.iron_nugget":558,"stat.fallOneCm":4009523,"stat.pickup.sky_orchards.sapling_netherrack":131,"stat.craftItem.minecraft.chest":711,"stat.useItem.inspirations.mulch":13,"stat.mineBlock.minecraft.lever":12,"stat.pickup.sky_orchards.sapling_sand":445,"stat.pickup.minecraft.feather":2,"stat.pickup.sky_orchards.leaves_redstone":657,"stat.pickup.sky_orchards.sapling_gold":312,"stat.pickup.rustic.fertile_soil":209,"stat.pickup.slabmachines.furnace_slab":7,"stat.useItem.mysticalagriculture.diamond_seeds":16,"stat.pickup.minecraft.lead":6,"stat.mineBlock.sky_orchards.sapling_petrified":3,"stat.craftItem.tconstruct.seared_tank":1,"stat.useItem.minecraft.stone_pickaxe":538,"stat.useItem.minecraft.stone_sword":1,"stat.pickup.mysticalagriculture.wither_skeleton_essence":8,"stat.craftItem.mysticalagradditions.tier6_inferium_seeds":1,"stat.drop.advancementbook.advancement_book":1,"stat.craftItem.sky_orchards.amber_tin":25,"stat.pickup.mysticalagriculture.supremium_reprocessor":2,"stat.useItem.minecraft.iron_bars":6,"stat.mineBlock.cyclicmagic.block_storeempty":1,"stat.pickup.sky_orchards.leaves_clay":294,"stat.useItem.cyclicmagic.fan":100,"stat.pickup.industrialforegoing.water_resources_collector":1,"stat.mineBlock.sky_orchards.sapling_coal":2,"stat.killEntity.LavaSlime":2,"stat.pickup.minecraft.log":23840,"stat.mineBlock.rustic.fertile_soil":339,"stat.pickup.mekanism.machineblock":5,"stat.pickup.matteroverdrive.rogue_android_part":146,"stat.entityKilledBy.Enderman":1,"stat.mineBlock.minecraft.iron_block":1,"stat.useItem.xlfoodmod.donut":5,"stat.craftItem.tconstruct.smeltery_controller":3,"stat.killEntity.rogue_android":31,"stat.mineBlock.darkutils.trap_move_hyper":8,"stat.craftItem.thermaldynamics.duct_0":55,"stat.mineBlock.sky_orchards.log_clay":24,"stat.useItem.minecraft.stone_hoe":12,"stat.useItem.cyclicmagic.block_soundproofing":3,"stat.useItem.integrateddynamics.menril_berries":1,"stat.sneakTime":92651,"stat.mineBlock.mob_grinding_utils.tank":10,"stat.useItem.minecraft.beetroot":1,"stat.pickup.minecraft.chest":156,"stat.useItem.mysticalagriculture.tier1_inferium_seeds":56,"stat.mineBlock.mysticalagriculture.growth_accelerator":161,"stat.craftItem.tconstruct.faucet":45,"stat.craftItem.sky_orchards.amber_iron":1774,"stat.swimOneCm":43162,"stat.pickup.tp.reinforced_obsidian":4,"stat.useItem.mysticalagriculture.nether_seeds":9,"stat.mineBlock.sky_orchards.log_cobalt":4,"stat.useItem.minecraft.dirt":17,"stat.useItem.storagenetwork.remote":43,"stat.pickup.sky_orchards.sapling_glowstone":1,"stat.craftItem.extendedcrafting.handheld_table":1,"stat.useItem.mysticalagriculture.blaze_seeds":8,"stat.craftItem.pickletweaks.coal_piece":292,"stat.pickup.sky_orchards.leaves_nickel":593,"stat.pickup.minecraft.glass_bottle":32,"stat.pickup.sky_orchards.sapling_lead":51,"stat.craftItem.minecraft.wooden_slab":948,"stat.pickup.industrialforegoing.latex_processing_unit":1,"stat.mineBlock.cyclicmagic.auto_crafter":4,"stat.pickup.sky_orchards.resin_nickel":510,"stat.mineBlock.mekanismgenerators.generator":1,"stat.useItem.minecraft.lever":62,"stat.mineBlock.minecraft.coal_block":1,"stat.pickup.sky_orchards.leaves_diamond":608,"stat.useItem.mysticalagriculture.supremium_bow":8,"stat.drop.inspirations.mulch":1,"stat.useItem.sky_orchards.sapling_clay":5,"stat.craftItem.minecraft.blaze_rod":381,"stat.drop.minecraft.beetroot_seeds":2,"stat.mineBlock.cyclicmagic.block_fragile_weak":2,"stat.pickup.mysticalagriculture.cow_essence":3,"stat.craftItem.minecraft.brick_block":70,"stat.pickup.xlfoodmod.corn_seeds":31,"stat.craftItem.mekanism.energytablet":1,"stat.craftItem.minecraft.stone_slab2":0,"stat.pickup.sky_orchards.sapling_cottonwood":80,"stat.useItem.cyclicmagic.crafting_food":1,"stat.craftItem.cyclicmagic.crafting_food":1,"stat.useItem.minecraft.stone_slab":378,"stat.pickup.fluxnetworks.fluxplug":1,"stat.craftItem.minecraft.stone":3314,"stat.drop.tombstone.ankh_of_pray":1,"stat.pickup.integrateddynamics.menril_log":1,"stat.useItem.tconstruct.casting":50,"stat.useItem.minecraft.diamond_pickaxe":824,"stat.craftItem.animalcrops.seeds":134,"stat.craftItem.nuclearcraft.dust":142,"stat.craftItem.minecraft.soul_sand":2260,"stat.craftItem.minecraft.diamond_pickaxe":1,"stat.useItem.mysticalagriculture.tier2_inferium_seeds":36,"stat.useItem.tp.reinforced_obsidian":32,"stat.craftItem.minecraft.clay":394,"stat.craftItem.mysticalagriculture.dirt_seeds":1,"stat.mineBlock.sky_orchards.leaves_cobalt":54,"stat.useItem.thermalfoundation.wrench":873,"stat.mineBlock.sky_orchards.leaves_bone":94,"stat.drop.minecraft.wooden_pickaxe":1,"stat.pickup.minecraft.gravel":2,"stat.pickup.sky_orchards.amber_lead":128,"stat.mineBlock.tconstruct.smeltery_controller":3,"stat.useItem.minecraft.diamond_axe":974,"stat.useItem.mysticalagriculture.tier4_inferium_seeds":9,"stat.pickup.cyclicmagic.block_enchanter":2,"stat.craftItem.mysticalagriculture.supremium_furnace":1,"stat.mineBlock.cyclicmagic.fan":5,"stat.pickup.mysticalagriculture.prudentium_furnace":1,"stat.craftItem.minecraft.brick_stairs":48,"stat.pickup.minecraft.diamond_sword":1,"stat.pickup.sky_orchards.leaves_iron":207,"stat.pickup.minecraft.brick":1,"stat.pickup.sky_orchards.acorn_tin":1059,"stat.craftItem.tconstruct.rack":2,"stat.pickup.minecraft.iron_helmet":1,"stat.useItem.tconstruct.tooltables":14,"stat.pickup.sky_orchards.sapling_redstone":490,"stat.craftItem.minecraft.poisonous_potato":3,"stat.craftItem.bonsaitrees.bonsaipot":186,"stat.pickup.mysticalagriculture.nether_essence":84,"stat.pickup.minecraft.spider_eye":40,"stat.useItem.mysticalagriculture.tier5_inferium_seeds":92,"stat.useItem.cyclicmagic.block_fragile_weak":1,"stat.pickup.tconstruct.slime_congealed":5,"stat.pickup.inspirations.sugar_cane_seeds":28,"stat.pickup.minecraft.leaves":714,"stat.pickup.minecraft.leather":1,"stat.useItem.minecraft.wooden_pickaxe":12,"stat.pickup.mysticalagriculture.crafting":8243,"stat.pickup.minecraft.reeds":62,"stat.craftItem.sky_orchards.amber_copper":2,"stat.pickup.mysticalagriculture.fertilized_essence":1,"stat.craftItem.slabmachines.crafting_station_slab":2,"stat.pickup.storagenetwork.storage_kabel":5,"stat.useItem.mysticalagriculture.tier3_inferium_seeds":36,"stat.pickup.tconstruct.materials":19,"stat.useItem.mysticalagriculture.stone_seeds":7,"stat.pickup.sky_orchards.sapling_quartz":130,"stat.pickup.sky_orchards.sapling_osmium":139,"stat.craftItem.minecraft.glass":15,"stat.craftItem.resourcehogs.mud_bucket":1,"stat.sleepInBed":14,"stat.mineBlock.sky_orchards.log_iron":133,"stat.killEntity.Pig":1,"stat.craftItem.minecraft.iron_sword":13,"stat.pickup.sky_orchards.acorn_bone":213,"stat.walkOneCm":7373527,"stat.playerKills":4,"stat.drop.resourcehogs.mud_bucket":1,"stat.pickup.minecraft.clay_ball":8,"stat.craftItem.inspirations.wooden_crook":1,"stat.craftItem.thermaldynamics.servo":12,"stat.craftItem.elevatorid.elevator_white":3,"stat.craftItem.morecauldrons.big_oak_cauldron":2,"stat.mineBlock.thermaldynamics.duct_0":15,"stat.pickup.cyclicmagic.melter":1,"stat.craftItem.industrialforegoing.mob_relocator":1,"stat.useItem.mysticalagriculture.enderman_seeds":8,"stat.pickup.minecraft.stone":3679,"stat.craftItem.sky_orchards.amber_redstone":46,"stat.pickup.sky_orchards.acorn_silver":674,"stat.pickup.mekanism.atomicdisassembler":2,"stat.craftItem.mysticalagriculture.inferium_furnace":1,"stat.pickup.sky_orchards.sapling_gravel":207,"stat.pickup.minecraft.gold_ingot":64,"stat.killEntity.Skeleton":51,"stat.pickup.minecraft.record_mall":1,"stat.mineBlock.minecraft.cactus":6,"stat.craftItem.minecraft.skull":64,"stat.craftItem.cyclicmagic.energy_pipe":8,"stat.pickup.cyclicmagic.item_pipe":10,"stat.killEntity.Spider":4,"stat.mineBlock.inspirations.mulch":14,"stat.pickup.mysticalagradditions.tier6_inferium_seeds":68,"stat.pickup.minecraft.quartz":87,"stat.useItem.mysticalagriculture.water_seeds":7,"stat.craftItem.industrialforegoing.book_manual":1,"stat.pickup.minecraft.water_bucket":3,"stat.pickup.sky_orchards.leaves_tin":384,"stat.mineBlock.tconstruct.casting":57,"stat.mineBlock.tp.growth_upgrade_two":3,"stat.pickup.minecraft.lava_bucket":1,"stat.craftItem.minecraft.brick":22,"stat.pickup.industrialforegoing.crop_sower":5}