{"stat.chestOpened":70,"stat.walkOneCm":182053,"stat.drop.sky_orchards.sapling_iron":15,"stat.horseOneCm":26789,"stat.leaveGame":1,"stat.damageTaken":20,"stat.furnaceInteraction":3,"stat.pickup.minecraft.cobblestone":1,"stat.craftItem.mekanism.ingot":9,"stat.drop.matteroverdrive.rogue_android_part":1,"stat.useItem.tp.toasted_bread":1,"stat.flyOneCm":11118,"stat.pickup.sky_orchards.amber_iron":1,"stat.craftItem.sky_orchards.amber_iron":25,"stat.drop":20,"stat.jump":209,"stat.drop.minecraft.skull":1,"stat.playOneMinute":47879,"stat.fallOneCm":3078,"stat.climbOneCm":172,"stat.drop.minecraft.cobblestone":65,"stat.craftItem.sky_orchards.amber_nickel":64,"stat.sneakTime":340,"stat.pickup.minecraft.iron_block":1,"stat.crouchOneCm":997,"stat.timeSinceDeath":47879,"stat.sprintOneCm":51332,"stat.useItem.minecraft.stone_slab2":1,"stat.drop.minecraft.stick":1}