{"profiles":{"3fabba16-4c9d-411a-bbfa-2e08f7771ba0":{"disable":true,"default":true,"no_status_effects":false,"no_explosions":false,"no_area_of_effects":false,"no_death_mg":false,"peaceful":false,"hardcore":false,"nether":false},"1bf4dacc-64dc-3c26-b20f-b7567363c28d":{"disable":true,"no_status_effects":false,"default":true,"no_explosions":false,"no_area_of_effects":false,"no_death_mg":false,"peaceful":false,"hardcore":false,"nether":true},"efaec4b1-d525-352c-be50-a8f809558f01":{"disable":true,"no_status_effects":false,"default":true,"no_explosions":false,"no_area_of_effects":false,"no_death_mg":false,"peaceful":false,"hardcore":false,"nether":false},"b6924f51-1f86-392e-8603-14173febdfcb":{"disable":true,"no_status_effects":false,"default":true,"no_explosions":false,"no_area_of_effects":false,"no_death_mg":false,"peaceful":false,"hardcore":false,"nether":false}}}