{"stat.pickup.randomthings.lavacharm":1,"stat.pickup.minecraft.wooden_slab":69,"stat.mineBlock.storagedrawers.basicdrawers":1,"stat.pickup.exnihilocreatio.item_ore_ardite":3,"stat.leaveGame":10,"stat.drop.minecraft.gunpowder":1,"stat.pickup.bibliocraft.handdrill":1,"stat.drop.minecraft.redstone":1,"stat.pickup.astralsorcery.itemconstellationpaper":1,"stat.useItem.exnihilocreatio.block_waterwheel":4,"stat.pickup.exnihilocreatio.item_ore_zinc":22,"stat.useItem.minecraft.planks":17,"stat.pickup.exnihilocreatio.item_ore_aluminum":34,"stat.drop.exnihilocreatio.block_netherrack_crushed":1,"stat.pickup.minecraft.glowstone_dust":16,"stat.pickup.xreliquary.mob_ingredient":6,"stat.pickup.minecraft.blaze_powder":6,"stat.pickup.exnihilocreatio.block_dust":206,"stat.pickup.minecraft.rotten_flesh":96,"stat.pickup.abyssalcraft.shadowgem":2,"stat.craftItem.exnihilocreatio.item_ore_platinum":5,"stat.pickup.minecraft.sand":282,"stat.useItem.enderio.item_dark_steel_sword":48,"stat.mineBlock.minecraft.wooden_slab":3,"stat.drop.endermanevo.friender_pearl":1,"stat.craftItem.minecraft.stone_sword":1,"stat.mineBlock.minecraft.sand":176,"stat.killEntity.Witch":10,"stat.mineBlock.exnihilocreatio.block_waterwheel":1,"stat.pickup.exnihilocreatio.item_ore_copper":36,"stat.hopperInspected":3,"stat.pickup.tp.apple_juice":4,"stat.pickup.projectred-core.resource_item":23,"stat.pickup.tcomplement.porcelain_melter":4,"stat.useItem.endermanevo.friender_pearl":1,"stat.mineBlock.enderio.block_ender_generator":1,"stat.pickup.thermalfoundation.material":6,"stat.pickup.bhc.red_heart":13,"stat.furnaceInteraction":82,"stat.killEntity.ZombieVillager":2,"stat.pickup.embers.archaic_brick":101,"stat.pickup.actuallyadditions.item_solidified_experience":7,"stat.drop.netherex.thornstalk":1,"stat.useItem.netherex.thornstalk":2,"stat.pickup.exnihilocreatio.item_ore_iron":374,"stat.useItem.minecraft.trapdoor":67,"stat.drop.xreliquary.witch_hat":2,"stat.pickup.exnihilocreatio.item_ore_osmium":26,"stat.pickup.minecraft.skull":2,"stat.pickup.tconstruct.smeltery_io":1,"stat.pickup.minecraft.pumpkin_seeds":5,"stat.pickup.exnihilocreatio.item_ore_nickel":39,"stat.pickup.minecraft.emerald":1,"stat.mineBlock.minecraft.soul_sand":1,"stat.craftItem.exnihilocreatio.item_ore_lead":45,"stat.deaths":25,"stat.pickup.actuallyadditions.item_dust":51,"stat.playOneMinute":518844,"stat.pickup.tconstruct.stone_torch":1,"stat.pickup.minecraft.netherrack":165,"stat.pickup.exnihilocreatio.item_ore_tungsten":12,"stat.chestOpened":694,"stat.drop.xreliquary.mob_ingredient":1,"stat.craftItem.tp.cobblegen_block":3,"stat.mineBlock.minecraft.netherrack":284,"stat.mineBlock.actuallyadditions.block_tiny_torch":23,"stat.useItem.betterbuilderswands.wandstone":113,"stat.useItem.exnihilocreatio.crook_stone":75,"stat.fallOneCm":245108,"stat.crouchOneCm":32847,"stat.mineBlock.minecraft.chest":1,"stat.craftItem.minecraft.chest":26,"stat.craftItem.minecraft.iron_ingot":50,"stat.craftItem.minecraft.hopper":2,"stat.drop.exnihilocreatio.item_ore_tin":7,"stat.pickup.ceramics.clay_hard":10,"stat.pickup.minecraft.dye":72,"stat.pickup.exnihilocreatio.item_ore_gold":194,"stat.pickup.minecraft.planks":2,"stat.pickup.exnihilocreatio.item_ore_titanium":11,"stat.mineBlock.minecraft.gravel":718,"stat.useItem.minecraft.stone_pickaxe":290,"stat.useItem.minecraft.stone_sword":73,"stat.mineBlock.minecraft.dirt":16,"stat.pickup.exnihilocreatio.item_mesh":16,"stat.useItem.minecraft.torch":1,"stat.mineBlock.exnihilocreatio.block_dust":6,"stat.drop.minecraft.rotten_flesh":8,"stat.useItem.minecraft.cobblestone":1449,"stat.pickup.tp.plump_pear":1,"stat.pickup.minecraft.magma":1,"stat.craftItem.minecraft.crafting_table":3,"stat.pickup.mysticalagradditions.insanium":64,"stat.useItem.minecraft.gravel":436,"stat.craftItem.ceramics.clay_bucket":2,"stat.drop.tconstruct.soil":3,"stat.pickup.minecraft.log":172,"stat.pickup.minecraft.sapling":99,"stat.pickup.enderio.block_ender_generator":2,"stat.pickup.minecraft.apple":6,"stat.craftItem.tconstruct.smeltery_controller":1,"stat.useItem.nuclearcraft.dominos":5,"stat.craftItem.minecraft.planks":352,"stat.pickup.exnihilocreatio.item_ore_mithril":20,"stat.mineBlock.minecraft.log":172,"stat.pickup.exnihilocreatio.item_ore_cobalt":4,"stat.pickup.embers.ancient_motive_core":13,"stat.mineBlock.netherex.thornstalk":6,"stat.drop.nuclearcraft.dominos":1,"stat.killEntity.BabySkeleton":1,"stat.sneakTime":12395,"stat.pickup.exnihilocreatio.block_sieve":3,"stat.drop.minecraft.bucket":1,"stat.pickup.minecraft.stone_slab":29,"stat.craftItem.minecraft.cobblestone":89,"stat.pickup.minecraft.chest":3,"stat.drop.minecraft.stone_pickaxe":1,"stat.mineBlock.ceramics.faucet":2,"stat.pickup.minecraft.bone":101,"stat.craftItem.storagedrawers.basicdrawers":11,"stat.craftItem.ceramics.unfired_clay":3,"stat.mineBlock.minecraft.cobblestone":376,"stat.pickup.minecraft.flint":61,"stat.drop.thermalfoundation.material":2,"stat.drop.storagedrawers.drawer_key":2,"stat.pickup.exnihilocreatio.item_ore_lead":37,"stat.swimOneCm":36202,"stat.pickup.enderio.item_dark_steel_sword":1,"stat.pickup.minecraft.enchanted_book":1,"stat.drop.minecraft.cobblestone":1,"stat.pickup.tp.plump_peach":1,"stat.pickup.lootbags.itemlootbag":34,"stat.useItem.minecraft.obsidian":10,"stat.useItem.minecraft.dirt":5,"stat.useItem.minecraft.stone_slab2":130,"stat.drop.betterbuilderswands.wandstone":1,"stat.drop.projectred-core.resource_item":1,"stat.craftItem.minecraft.trapdoor":102,"stat.craftItem.minecraft.stone_pickaxe":4,"stat.mineBlock.minecraft.magma":1,"stat.pickup.minecraft.cobblestone":88,"stat.drop.minecraft.record_cat":1,"stat.mineBlock.minecraft.clay":1,"stat.useItem.exnihilocreatio.hammer_stone":932,"stat.flyOneCm":832168,"stat.pickup.minecraft.clay":6,"stat.pickup.minecraft.glass_bottle":1,"stat.pickup.minecraft.soul_sand":1,"stat.pickup.appliedenergistics2.material":87,"stat.pickup.actuallyadditions.item_booklet":1,"stat.ae2.TurnedCranks":60,"stat.pickup.minecraft.redstone":27,"stat.timeSinceDeath":77279,"stat.drop.minecraft.log":6,"stat.useItem.minecraft.wooden_slab":31,"stat.pickup.exnihilocreatio.item_ore_iridium":8,"stat.useItem.nuclearcraft.milk_chocolate":10,"stat.pickup.minecraft.nether_wart":1,"stat.craftItem.tconstruct.seared":4,"stat.pickup.tconstruct.soil":3,"stat.pickup.minecraft.trapdoor":4,"stat.killEntity.Creeper":16,"stat.craftItem.tconstruct.soil":16,"stat.pickup.botania.manaresource":358,"stat.pickup.tconstruct.smeltery_controller":3,"stat.pickup.netherex.thornstalk":4,"stat.pickup.tcomplement.porcelain_casting":3,"stat.craftItem.exnihilocreatio.hammer_stone":13,"stat.pickup.tombstone.crafting_ingredient":14,"stat.craftItem.exnihilocreatio.item_ore_zinc":2,"stat.craftItem.minecraft.stone_slab2":0,"stat.pickup.actuallyadditions.block_tiny_torch":25,"stat.drop.exnihilocreatio.item_ore_aluminum":1,"stat.craftItem.tconstruct.tooltables":3,"stat.sprintOneCm":691206,"stat.killEntity.ancient_golem":16,"stat.mineBlock.minecraft.stone_slab":36,"stat.mineBlock.tcomplement.porcelain_melter":2,"stat.craftItem.minecraft.stick":28,"stat.useItem.minecraft.stone_slab":101,"stat.pickup.exnihilocreatio.block_netherrack_crushed":148,"stat.pickup.exnihilocreatio.item_material":15,"stat.craftItem.minecraft.stone":2,"stat.pickup.endermanevo.friender_pearl":1,"stat.pickup.natura.nether_heat_sand":1,"stat.useItem.ceramics.faucet":1,"stat.pickup.storagedrawers.drawer_key":2,"stat.pickup.rockcandy.raw_rock_candy":13,"stat.drop.exnihilocreatio.block_dust":3,"stat.craftItem.minecraft.clay_ball":8,"stat.pickup.exnihilocreatio.block_waterwheel":5,"stat.mineBlock.minecraft.planks":2,"stat.drop":118,"stat.craftItem.actuallyadditions.item_misc":16,"stat.useItem.tconstruct.seared":3,"stat.killEntity.Zombie":18,"stat.craftItem.exnihilocreatio.item_ore_copper":43,"stat.pickup.ceramics.faucet":5,"stat.diveOneCm":52583,"stat.pickup.minecraft.wheat":4,"stat.pickup.tconstruct.tooltables":3,"stat.pickup.storagedrawers.basicdrawers":1,"stat.pickup.exnihilocreatio.crook_stone":1,"stat.useItem.actuallyadditions.block_tiny_torch":53,"stat.craftItem.exnihilocreatio.item_ore_osmium":13,"stat.pickup.minecraft.gravel":706,"stat.useItem.minecraft.glass_bottle":2,"stat.mineBlock.tconstruct.smeltery_controller":1,"stat.pickup.minecraft.stone_axe":1,"stat.craftItem.betterbuilderswands.wandstone":8,"stat.useItem.minecraft.apple":3,"stat.drop.lootbags.itemlootbag":54,"stat.useItem.exnihilocreatio.block_dust":1,"stat.pickup.exnihilocreatio.item_ore_tin":41,"stat.pickup.contenttweaker.rak_coin":125,"stat.pickup.everlastingabilities.ability_bottle":1,"stat.useItem.storagedrawers.basicdrawers":7,"stat.jump":5971,"stat.useItem.minecraft.sand":139,"stat.pickup.minecraft.coal":57,"stat.pickup.minecraft.iron_ingot":24,"stat.useItem.minecraft.stone_axe":131,"stat.pickup.minecraft.gunpowder":70,"stat.pickup.minecraft.spider_eye":4,"stat.pickup.minecraft.dirt":11,"stat.pickup.tcomplement.porcelain_tank":3,"stat.useItem.minecraft.sapling":5,"stat.pickup.actuallyadditions.item_flax_seed":1,"stat.craftItem.exnihilocreatio.item_ore_iron":62,"stat.mineBlock.tconstruct.tooltables":2,"stat.pickup.exnihilocreatio.item_ore_platinum":48,"stat.damageTaken":8625,"stat.pickup.mysticalagriculture.crafting":18,"stat.pickup.minecraft.reeds":2,"stat.pickup.exnihilocreatio.item_ore_silver":38,"stat.mineBlock.tconstruct.stone_torch":1,"stat.drop.enderio.item_dark_steel_sword":2,"stat.pickup.exnihilocreatio.item_seed_potato":1,"stat.craftItem.exnihilocreatio.item_ore_yellorium":2,"stat.pickup.tconstruct.materials":57,"stat.useItem.forge.bucketfilled":1,"stat.entityKilledBy.Zombie":2,"stat.damageDealt":6742,"stat.craftItem.minecraft.glass":2,"stat.drop.randomthings.lavacharm":2,"stat.pickup.netherex.gloomy_netherrack":2,"stat.craftItem.minecraft.stone_slab":126,"stat.walkOneCm":783534,"stat.pickup.ceramics.clay_bucket":2,"stat.drop.ceramics.faucet":2,"stat.playerKills":1,"stat.useItem.minecraft.chest":3,"stat.craftItem.tconstruct.smeltery_io":2,"stat.pickup.minecraft.stick":59,"stat.pickup.minecraft.clay_ball":4,"stat.drop.tconstruct.materials":5,"stat.useItem.storagedrawers.drawer_key":6,"stat.craftItem.exnihilocreatio.item_ore_nickel":12,"stat.mineBlock.netherex.gloomy_netherrack":3,"stat.pickup.exnihilocreatio.item_ore_yellorium":22,"stat.drop.minecraft.wooden_slab":1,"stat.pickup.minecraft.gold_ingot":3,"stat.useItem.minecraft.netherrack":144,"stat.killEntity.Skeleton":16,"stat.craftItem.exnihilocreatio.item_ore_tin":14,"stat.mineBlock.tcomplement.porcelain_casting":1,"stat.mobKills":78,"stat.craftItem.exnihilocreatio.item_ore_gold":13,"stat.craftItem.actuallyadditions.block_tiny_torch":42,"stat.pickup.xreliquary.witch_hat":2,"stat.pickup.minecraft.diamond":5,"stat.mineBlock.minecraft.leaves":72,"stat.drop.exnihilocreatio.item_mesh":5,"stat.craftItem.exnihilocreatio.item_ore_silver":14,"stat.craftItem.minecraft.brick":4,"stat.craftItem.exnihilocreatio.item_mesh":20,"stat.craftItem.exnihilocreatio.item_ore_aluminum":16,"stat.mineBlock.exnihilocreatio.block_sieve":3}