{"stat.craftItem.immersiveengineering.stone_decoration":36,"stat.pickup.randomthings.lavacharm":2,"stat.craftItem.exnihilocreatio.crook_stone":7,"stat.pickup.minecraft.wooden_slab":28,"stat.leaveGame":4,"stat.pickup.mekanism.machineblock2":1,"stat.craftItem.minecraft.iron_axe":1,"stat.pickup.astralsorcery.itemconstellationpaper":3,"stat.useItem.exnihilocreatio.block_waterwheel":35,"stat.craftItem.minecraft.ender_eye":2,"stat.mineBlock.botania.root":2,"stat.useItem.minecraft.planks":1,"stat.pickup.exnihilocreatio.item_ore_aluminum":9,"stat.mineBlock.ceramics.clay_hard":12,"stat.craftItem.ceramics.clay_shears":1,"stat.pickup.minecraft.blaze_powder":1,"stat.useItem.minecraft.water_bucket":1,"stat.pickup.exnihilocreatio.block_dust":134,"stat.pickup.minecraft.rotten_flesh":21,"stat.pickup.minecraft.sand":447,"stat.useItem.enderio.item_dark_steel_sword":16,"stat.craftItem.minecraft.stone_axe":5,"stat.craftItem.extrautils2.redstoneclock":4,"stat.pickup.minecraft.bucket":1,"stat.pickup.exnihilocreatio.item_pebble":139,"stat.mineBlock.minecraft.wooden_slab":61,"stat.useItem.exnihilocreatio.block_sieve":6,"stat.drop.endermanevo.friender_pearl":1,"stat.pickup.netherex.wither_bone":1,"stat.craftItem.minecraft.stone_sword":1,"stat.mineBlock.exnihilocreatio.block_infested_leaves":108,"stat.mineBlock.minecraft.sand":150,"stat.killEntity.Witch":1,"stat.mineBlock.exnihilocreatio.block_waterwheel":30,"stat.drop.minecraft.sand":128,"stat.pickup.exnihilocreatio.item_ore_copper":13,"stat.drop.minecraft.gold_ingot":3,"stat.useItem.exnihilocreatio.item_material":4,"stat.pickup.exnihilocreatio.item_seed_birch":1,"stat.hopperInspected":17,"stat.useItem.minecraft.iron_pickaxe":250,"stat.pickup.tp.apple_juice":3,"stat.pickup.projectred-core.resource_item":1,"stat.pickup.tcomplement.porcelain_melter":11,"stat.craftItem.minecraft.glass_pane":32,"stat.pickup.exnihilocreatio.block_barrel0":4,"stat.mineBlock.minecraft.hopper":5,"stat.useItem.ceramics.clay_hard":7,"stat.pickup.thermalfoundation.material":4,"stat.pickup.bhc.red_heart":2,"stat.drop.ceramics.clay_bucket":2,"stat.furnaceInteraction":273,"stat.drop.minecraft.gravel":3,"stat.drop.bibliocraft.handdrill":1,"stat.pickup.minecraft.wooden_button":21,"stat.pickup.embers.archaic_brick":66,"stat.pickup.actuallyadditions.item_solidified_experience":4,"stat.craftItem.thermalfoundation.material":61,"stat.useItem.netherex.thornstalk":2,"stat.craftItem.tcomplement.porcelain_casting":4,"stat.pickup.exnihilocreatio.item_ore_iron":119,"stat.craftItem.tp.pear_juice":2,"stat.useItem.tconstruct.stone_torch":15,"stat.pickup.exnihilocreatio.item_ore_osmium":12,"stat.pickup.minecraft.skull":2,"stat.pickup.ceramics.unfired_clay":1,"stat.craftItem.exnihilocreatio.hammer_iron":2,"stat.useItem.minecraft.flint_and_steel":3,"stat.useItem.immersiveengineering.seed":1,"stat.pickup.exnihilocreatio.item_seed_carrot":1,"stat.mineBlock.exnihilocreatio.block_auto_sifter":2,"stat.pickup.minecraft.pumpkin_seeds":16,"stat.pickup.exnihilocreatio.item_ore_nickel":13,"stat.useItem.minecraft.hopper":3,"stat.craftItem.immersiveengineering.material":225,"stat.pickup.minecraft.emerald":2,"stat.useItem.minecraft.dye":1,"stat.mineBlock.minecraft.soul_sand":23,"stat.deaths":11,"stat.pickup.actuallyadditions.item_dust":4,"stat.playOneMinute":451903,"stat.pickup.tconstruct.stone_torch":5,"stat.craftItem.minecraft.iron_pickaxe":1,"stat.pickup.natura.overworld_seeds":2,"stat.drop.minecraft.iron_ingot":3,"stat.pickup.minecraft.netherrack":424,"stat.pickup.tconstruct.seared":2,"stat.chestOpened":487,"stat.mineBlock.mekanism.machineblock2":2,"stat.drop.betterbuilderswands.wandiron":1,"stat.pickup.immersiveengineering.material":4,"stat.drop.minecraft.hopper":1,"stat.mineBlock.minecraft.netherrack":381,"stat.mineBlock.actuallyadditions.block_tiny_torch":9,"stat.craftItem.minecraft.coal":9,"stat.useItem.betterbuilderswands.wandstone":49,"stat.useItem.exnihilocreatio.crook_stone":567,"stat.pickup.extrautils2.redstoneclock":3,"stat.craftItem.minecraft.iron_nugget":18,"stat.craftItem.appliedenergistics2.grindstone":2,"stat.fallOneCm":97578,"stat.drop.minecraft.dye":1,"stat.pickup.minecraft.melon_seeds":10,"stat.crouchOneCm":37493,"stat.mineBlock.minecraft.chest":3,"stat.craftItem.minecraft.chest":46,"stat.craftItem.minecraft.iron_ingot":113,"stat.craftItem.minecraft.hopper":9,"stat.pickup.ceramics.clay_hard":12,"stat.craftItem.tconstruct.pattern":16,"stat.craftItem.minecraft.wooden_button":21,"stat.pickup.immersiveengineering.stone_decoration":1,"stat.pickup.minecraft.dye":61,"stat.pickup.exnihilocreatio.item_ore_gold":23,"stat.pickup.minecraft.planks":1,"stat.pickup.minecraft.wheat_seeds":19,"stat.mineBlock.minecraft.gravel":175,"stat.useItem.minecraft.stone_pickaxe":262,"stat.craftItem.tconstruct.seared_tank":2,"stat.useItem.minecraft.stone_sword":92,"stat.craftItem.exnihilocreatio.block_auto_sifter":2,"stat.mineBlock.minecraft.dirt":11,"stat.pickup.exnihilocreatio.item_mesh":24,"stat.useItem.minecraft.torch":3,"stat.pickup.immersiveengineering.seed":3,"stat.mineBlock.exnihilocreatio.block_dust":5,"stat.pickup.exnihilocreatio.item_seed_darkoak":1,"stat.useItem.minecraft.cobblestone":473,"stat.pickup.tp.plump_pear":7,"stat.craftItem.minecraft.crafting_table":5,"stat.useItem.minecraft.gravel":152,"stat.craftItem.ceramics.clay_bucket":8,"stat.craftItem.exnihilocreatio.block_waterwheel":9,"stat.craftItem.ceramics.clay_hard":10,"stat.pickup.minecraft.log":502,"stat.craftItem.tcomplement.porcelain_melter":5,"stat.craftItem.exnihilocreatio.block_sieve":12,"stat.craftItem.minecraft.redstone_ore":4,"stat.drop.minecraft.sapling":1,"stat.pickup.minecraft.hopper":5,"stat.pickup.minecraft.chicken":1,"stat.pickup.minecraft.sapling":310,"stat.pickup.minecraft.apple":46,"stat.useItem.exnihilocreatio.block_barrel0":2,"stat.craftItem.immersiveengineering.tool":2,"stat.craftItem.minecraft.planks":1020,"stat.killEntity.WitherSkeleton":2,"stat.craftItem.tconstruct.stone_torch":16,"stat.mineBlock.minecraft.log":457,"stat.drop.actuallyadditions.item_dust":1,"stat.useItem.minecraft.stone_hoe":2,"stat.pickup.embers.ancient_motive_core":8,"stat.mineBlock.netherex.thornstalk":1,"stat.useItem.tp.apple_juice":57,"stat.craftItem.minecraft.paper":3,"stat.mineBlock.exnihilocreatio.block_crucible":1,"stat.killEntity.BabySkeleton":1,"stat.pickup.exnihilocreatio.item_seed_acacia":3,"stat.sneakTime":18538,"stat.pickup.exnihilocreatio.block_sieve":8,"stat.drop.botania.manaresource":90,"stat.craftItem.minecraft.cobblestone":365,"stat.pickup.minecraft.chest":2,"stat.mineBlock.ceramics.faucet":2,"stat.pickup.minecraft.bone":70,"stat.mineBlock.tcomplement.porcelain_tank":7,"stat.craftItem.storagedrawers.basicdrawers":24,"stat.craftItem.ceramics.unfired_clay":229,"stat.useItem.minecraft.iron_axe":69,"stat.mineBlock.minecraft.cobblestone":518,"stat.pickup.minecraft.flint":37,"stat.drop.storagedrawers.drawer_key":1,"stat.pickup.exnihilocreatio.item_ore_lead":12,"stat.craftItem.extrautils2.compressedcobblestone":26,"stat.swimOneCm":23794,"stat.pickup.enderio.item_dark_steel_sword":2,"stat.pickup.exnihilocreatio.block_auto_sifter":2,"stat.drop.minecraft.cobblestone":3,"stat.craftItem.appliedenergistics2.crank":3,"stat.pickup.tp.plump_peach":7,"stat.craftItem.mob_grinding_utils.absorption_hopper":2,"stat.pickup.lootbags.itemlootbag":13,"stat.useItem.minecraft.dirt":12,"stat.useItem.minecraft.stone_slab2":189,"stat.craftItem.minecraft.furnace":5,"stat.craftItem.minecraft.stone_pickaxe":3,"stat.pickup.netherendingores.ore_nether_vanilla":2,"stat.pickup.minecraft.cobblestone":172,"stat.pickup.quark.black_ash":2,"stat.drop.exnihilocreatio.item_ore_iron":19,"stat.useItem.exnihilocreatio.hammer_stone":390,"stat.pickup.exnihilocreatio.item_seed_cactus":3,"stat.flyOneCm":388620,"stat.pickup.minecraft.clay":68,"stat.useItem.tombstone.scroll_buff":1,"stat.pickup.minecraft.soul_sand":3,"stat.pickup.appliedenergistics2.material":3,"stat.pickup.actuallyadditions.item_booklet":1,"stat.drop.mysticalagradditions.insanium":64,"stat.drop.astralsorcery.itemconstellationpaper":3,"stat.craftItem.minecraft.wooden_slab":546,"stat.ae2.TurnedCranks":267,"stat.pickup.minecraft.redstone":8,"stat.craftItem.minecraft.book":2,"stat.timeSinceDeath":1117,"stat.useItem.minecraft.wooden_slab":73,"stat.pickup.actuallyadditions.item_rice_seed":2,"stat.craftItem.immersiveengineering.treated_wood":184,"stat.craftItem.betterbuilderswands.wandiron":3,"stat.drop.minecraft.coal":1,"stat.drop.abyssalcraft.shadowgem":2,"stat.craftItem.tconstruct.seared":16,"stat.craftItem.embers.blend_caminite":16,"stat.pickup.tconstruct.soil":3,"stat.drop.minecraft.dirt":2,"stat.craftItem.tcomplement.porcelain_tank":6,"stat.killEntity.Creeper":7,"stat.pickup.exnihilocreatio.item_seed_oak":4,"stat.craftItem.minecraft.stone_hoe":1,"stat.pickup.extrautils2.ingredients":1,"stat.craftItem.tconstruct.soil":88,"stat.pickup.botania.manaresource":1418,"stat.pickup.minecraft.string":159,"stat.pickup.tconstruct.smeltery_controller":1,"stat.pickup.netherex.thornstalk":4,"stat.pickup.tcomplement.porcelain_casting":5,"stat.craftItem.exnihilocreatio.hammer_stone":10,"stat.pickup.tombstone.crafting_ingredient":2,"stat.craftItem.minecraft.stone_slab2":0,"stat.drop.minecraft.obsidian":2,"stat.pickup.actuallyadditions.block_tiny_torch":10,"stat.craftItem.tconstruct.stone_stick":12,"stat.craftItem.openblocks.tank":4,"stat.craftItem.tconstruct.tooltables":9,"stat.sprintOneCm":287371,"stat.craftItem.bibliocraft.handdrill":2,"stat.killEntity.ancient_golem":7,"stat.mineBlock.tcomplement.porcelain_melter":12,"stat.craftItem.minecraft.stick":152,"stat.pickup.exnihilocreatio.item_material":44,"stat.craftItem.minecraft.stone":27,"stat.craftItem.exnihilocreatio.block_crucible_wood":2,"stat.pickup.endermanevo.friender_pearl":2,"stat.useItem.ceramics.faucet":1,"stat.pickup.storagedrawers.drawer_key":2,"stat.pickup.exnihilocreatio.block_crucible_wood":1,"stat.pickup.rockcandy.raw_rock_candy":26,"stat.drop.exnihilocreatio.block_dust":1,"stat.craftItem.minecraft.clay_ball":252,"stat.pickup.exnihilocreatio.block_waterwheel":34,"stat.mineBlock.minecraft.planks":1,"stat.drop":64,"stat.craftItem.actuallyadditions.item_misc":360,"stat.useItem.rockcandy.raw_rock_candy":1,"stat.useItem.tconstruct.seared":12,"stat.mineBlock.bonsaitrees.bonsaipot":1,"stat.killEntity.abyssalcraft.evilchicken":1,"stat.killEntity.Zombie":7,"stat.craftItem.minecraft.dye":24,"stat.pickup.ceramics.faucet":3,"stat.diveOneCm":24625,"stat.craftItem.minecraft.sandstone":15,"stat.useItem.exnihilocreatio.crook_wood":64,"stat.pickup.tconstruct.tooltables":3,"stat.craftItem.minecraft.piston":4,"stat.useItem.actuallyadditions.block_tiny_torch":26,"stat.useItem.immersiveengineering.tool":1,"stat.pickup.exnihilocreatio.block_crucible":1,"stat.pickup.minecraft.gravel":509,"stat.useItem.minecraft.glass_bottle":14,"stat.drop.exnihilocreatio.crook_stone":1,"stat.mineBlock.tconstruct.smeltery_controller":1,"stat.drop.tp.apple_juice":3,"stat.craftItem.betterbuilderswands.wandstone":2,"stat.drop.contenttweaker.rak_coin":125,"stat.pickup.minecraft.obsidian":7,"stat.useItem.exnihilocreatio.block_dust":8,"stat.useItem.minecraft.potion":1,"stat.pickup.exnihilocreatio.item_ore_tin":17,"stat.pickup.exnihilocreatio.item_seed_sugarcane":2,"stat.pickup.contenttweaker.rak_coin":85,"stat.pickup.everlastingabilities.ability_bottle":1,"stat.craftItem.exnihilocreatio.block_crucible":3,"stat.useItem.immersiveengineering.stone_decoration":25,"stat.useItem.openblocks.tank":1,"stat.useItem.storagedrawers.basicdrawers":18,"stat.mineBlock.exnihilocreatio.block_crucible_wood":1,"stat.jump":2780,"stat.useItem.minecraft.sand":117,"stat.pickup.minecraft.coal":23,"stat.pickup.minecraft.iron_ingot":6,"stat.craftItem.bonsaitrees.bonsaipot":4,"stat.useItem.minecraft.stone_axe":392,"stat.pickup.minecraft.gunpowder":13,"stat.craftItem.minecraft.torch":4,"stat.pickup.minecraft.dirt":44,"stat.craftItem.exnihilocreatio.block_axle_stone":11,"stat.craftItem.tconstruct.book":1,"stat.pickup.tcomplement.porcelain_tank":6,"stat.useItem.minecraft.sapling":50,"stat.craftItem.minecraft.flint_and_steel":1,"stat.craftItem.exnihilocreatio.item_ore_iron":40,"stat.mineBlock.tconstruct.tooltables":3,"stat.pickup.minecraft.leaves":101,"stat.pickup.exnihilocreatio.item_ore_platinum":13,"stat.pickup.exnihilocreatio.item_seed_spruce":1,"stat.damageTaken":3845,"stat.mineBlock.minecraft.torch":1,"stat.drop.minecraft.water_bucket":1,"stat.mineBlock.minecraft.sapling":4,"stat.pickup.mysticalagriculture.crafting":6,"stat.pickup.minecraft.reeds":13,"stat.pickup.exnihilocreatio.item_ore_silver":10,"stat.drop.enderio.item_dark_steel_sword":1,"stat.mineBlock.tconstruct.stone_torch":2,"stat.pickup.exnihilocreatio.item_seed_potato":2,"stat.pickup.tconstruct.materials":10,"stat.craftItem.magneticraft.battery_item_low":2,"stat.craftItem.exnihilocreatio.crook_wood":1,"stat.damageDealt":4536,"stat.craftItem.minecraft.glass":24,"stat.useItem.exnihilocreatio.item_seed_sugarcane":1,"stat.drop.randomthings.lavacharm":1,"stat.pickup.actuallyadditions.item_canola_seed":4,"stat.mineBlock.exnihilocreatio.block_barrel0":4,"stat.craftItem.minecraft.stone_slab":18,"stat.walkOneCm":674037,"stat.pickup.ceramics.clay_bucket":2,"stat.useItem.minecraft.chest":4,"stat.playerKills":5,"stat.pickup.minecraft.stick":9,"stat.craftItem.exnihilocreatio.item_material":133,"stat.drop.appliedenergistics2.material":1,"stat.pickup.minecraft.clay_ball":1,"stat.useItem.exnihilocreatio.hammer_iron":354,"stat.useItem.storagedrawers.drawer_key":40,"stat.craftItem.mekanism.ingot":20,"stat.drop.minecraft.netherrack":29,"stat.craftItem.ceramics.faucet":3,"stat.pickup.exnihilocreatio.item_ore_yellorium":1,"stat.drop.minecraft.wooden_slab":65,"stat.useItem.minecraft.netherrack":61,"stat.killEntity.Skeleton":5,"stat.craftItem.projectred-core.resource_item":5,"stat.useItem.betterbuilderswands.wandiron":31,"stat.craftItem.mekanism.machineblock2":2,"stat.craftItem.tp.apple_juice":105,"stat.mineBlock.tcomplement.porcelain_casting":6,"stat.craftItem.exnihilocreatio.block_barrel1":1,"stat.craftItem.exnihilocreatio.block_barrel0":7,"stat.mobKills":31,"stat.pickup.minecraft.quartz":4,"stat.craftItem.exnihilocreatio.item_ore_gold":2,"stat.craftItem.actuallyadditions.block_tiny_torch":24,"stat.pickup.minecraft.diamond":1,"stat.mineBlock.extrautils2.redstoneclock":3,"stat.mineBlock.minecraft.leaves":1935,"stat.pickup.minecraft.torch":1,"stat.mineBlock.tconstruct.seared":2,"stat.drop.minecraft.stone_axe":1,"stat.craftItem.minecraft.brick":36,"stat.mineBlock.immersiveengineering.stone_decoration":1,"stat.craftItem.exnihilocreatio.item_mesh":21,"stat.craftItem.exnihilocreatio.item_ore_aluminum":21,"stat.mineBlock.netherendingores.ore_nether_vanilla":2,"stat.mineBlock.exnihilocreatio.block_sieve":8}