{"stat.mineBlock.sky_orchards.log_coal":87,"stat.pickup.mekanism.machineblock2":2,"stat.drop.minecraft.gunpowder":6,"stat.pickup.sky_orchards.resin_quartz":8,"stat.pickup.mekanism.machineblock3":2,"stat.pickup.tombstone.decorative_grave_simple":1,"stat.craftItem.sky_orchards.amber_osmium":34,"stat.craftItem.mob_grinding_utils.tank":6,"stat.entityKilledBy.Human":4,"stat.pickup.tconstruct.faucet":7,"stat.mineBlock.sky_orchards.log_dirt":50,"stat.pickup.minecraft.rotten_flesh":168,"stat.mineBlock.practicallogistics2.hammer_air":3,"stat.craftItem.minecraft.stone_axe":9,"stat.pickup.sky_orchards.resin_emerald":15,"stat.pickup.minecraft.bucket":1,"stat.killEntity.Enderman":14,"stat.pickup.integrateddynamics.menril_berries":33,"stat.useItem.tconstruct.slime_sapling":2,"stat.useItem.minecraft.iron_pickaxe":63,"stat.craftItem.tp.diamond_cobblegen_block":2,"stat.pickup.horsepower.grindstone":1,"stat.drop.sky_orchards.sapling_iron":1,"stat.craftItem.minecraft.glass_pane":48,"stat.furnaceInteraction":304,"stat.useItem.sky_orchards.sapling_gold":2,"stat.pickup.headcrumbs.skull":2,"stat.mineBlock.rustic.apple_seeds":1,"stat.craftItem.sky_orchards.acorn_dirt":1,"stat.pickup.sky_orchards.acorn_coal":1618,"stat.pickup.mob_grinding_utils.spikes":4,"stat.pickup.sky_orchards.acorn_dirt":61,"stat.useItem.minecraft.fence":20,"stat.pickup.mysticalagriculture.tier1_inferium_seeds":4,"stat.pickup.ceramics.unfired_clay":1,"stat.mineBlock.tconstruct.ore":4,"stat.mineBlock.sky_orchards.log_quartz":6,"stat.mineBlock.tp.diamond_cobblegen_block":2,"stat.drop.thermaldynamics.servo":2,"stat.mineBlock.minecraft.fence":3,"stat.useItem.minecraft.wheat_seeds":8,"stat.mineBlock.sky_orchards.log_tin":67,"stat.craftItem.morecauldrons.cobble_cauldron":1,"stat.craftItem.appliedenergistics2.storage_cell_1k":1,"stat.pickup.sky_orchards.sapling_copper":3,"stat.pickup.minecraft.lever":2,"stat.deaths":26,"stat.pickup.minecraft.egg":2,"stat.pickup.xlfoodmod.raw_corn":110,"stat.craftItem.minecraft.iron_pickaxe":2,"stat.pickup.sky_orchards.sapling_lapis":25,"stat.pickup.integrateddynamics.energy_battery":9,"stat.pickup.mekanism.energycube":12,"stat.useItem.sky_orchards.sapling_sand":18,"stat.useItem.mekanismgenerators.generator":2,"stat.chestOpened":1883,"stat.pickup.thermalfoundation.wrench":1,"stat.useItem.sky_orchards.acorn_petrified":12,"stat.useItem.cyclicmagic.block_fragile_auto":2,"stat.mineBlock.sky_orchards.leaves_iron":206,"stat.craftItem.minecraft.coal":527,"stat.craftItem.sky_orchards.sapling_redstone":4,"stat.pickup.minecraft.carrot":50,"stat.pickup.inspirations.dyed_bottle":4,"stat.drop.minecraft.stone_sword":1,"stat.crouchOneCm":121088,"stat.craftItem.minecraft.diamond":341,"stat.craftItem.minecraft.iron_ingot":618,"stat.pickup.rustic.grape_stem":2,"stat.pickup.bonsaitrees.bonsaipot":42,"stat.craftingTableInteraction":4,"stat.mineBlock.appliedenergistics2.inscriber":12,"stat.mineBlock.tconstruct.rack":2,"stat.useItem.cyclicmagic.trash":2,"stat.craftItem.tconstruct.pattern":26,"stat.mineBlock.minecraft.log2":82,"stat.craftItem.cyclicmagic.block_fragile_weak":272,"stat.pickup.minecraft.dye":85,"stat.pickup.minecraft.planks":128,"stat.pickup.sky_orchards.resin_iron":27,"stat.craftItem.simplegenerators.culinary_simple":1,"stat.craftItem.tconstruct.slime_congealed":1,"stat.pickup.thermaldynamics.duct_16":27,"stat.mineBlock.horsepower.grindstone":1,"stat.craftItem.mekanism.speedupgrade":29,"stat.drop.sky_orchards.leaves_quartz":1,"stat.pickup.storagenetwork.ex_kabel":1,"stat.craftItem.thermaldynamics.duct_16":6,"stat.mineBlock.sky_orchards.leaves_lapis":329,"stat.pickup.sky_orchards.sapling_iron":8,"stat.drop.minecraft.rotten_flesh":2,"stat.craftItem.bdsandm.metal_crate":3,"stat.mineBlock.sky_orchards.sapling_clay":1,"stat.pickup.appliedenergistics2.chest":2,"stat.craftItem.tp.wooden_shears":2,"stat.mineBlock.simplegenerators.turbine_simple":2,"stat.pickup.sky_orchards.resin_gravel":441,"stat.pickup.sky_orchards.resin_silver":32,"stat.drop.minecraft.sapling":2,"stat.pickup.minecraft.chicken":11,"stat.craftItem.cyclicmagic.auto_crafter":4,"stat.pickup.mysticalagriculture.supremium_bow":1,"stat.craftItem.appliedenergistics2.inscriber":7,"stat.pickup.minecraft.end_stone":4,"stat.pickup.minecraft.coal_block":1,"stat.craftItem.minecraft.bucket":5,"stat.craftItem.minecraft.planks":3188,"stat.craftItem.minecraft.dirt":111,"stat.pickup.minecraft.stone_sword":2,"stat.craftItem.minecraft.fishing_rod":1,"stat.useItem.carryon.entity_item":5,"stat.craftItem.sky_orchards.sapling_donut":1,"stat.craftItem.storagenetwork.master":1,"stat.useItem.sky_orchards.sapling_diamond":4,"stat.pickup.appliedenergistics2.part":50,"stat.craftItem.minecraft.cobblestone":32,"stat.pickup.cyclicmagic.sprinkler":1,"stat.drop.sky_orchards.amber_diamond":12,"stat.mineBlock.minecraft.cobblestone":78,"stat.pickup.minecraft.flint":9,"stat.killEntity.Human":33,"stat.useItem.industrialforegoing.tree_fluid_extractor":2,"stat.craftItem.sky_orchards.sapling_emerald":2,"stat.useItem.thermaldynamics.duct_16":33,"stat.drop.minecraft.cobblestone":127,"stat.mineBlock.morecauldrons.oak_cauldron":1,"stat.mineBlock.sky_orchards.leaves_redstone":436,"stat.drop.sky_orchards.leaves_dirt":61,"stat.useItem.minecraft.stone_slab2":618,"stat.craftItem.minecraft.furnace":32,"stat.craftItem.minecraft.lapis_block":40,"stat.drop.industrialforegoing.plastic":2,"stat.mineBlock.cyclicmagic.trash":2,"stat.mineBlock.minecraft.clay":16,"stat.craftItem.storagenetwork.ex_kabel":4,"stat.pickup.mekanism.enrichedalloy":3,"stat.pickup.appliedenergistics2.storage_cell_64k":1,"stat.useItem.thermaldynamics.duct_32":147,"stat.mineBlock.morecauldrons.cobble_cauldron":1,"stat.mineBlock.fluxnetworks.fluxpoint":4,"stat.useItem.minecraft.wooden_slab":207,"stat.drop.matteroverdrive.phaser_rifle":1,"stat.craftItem.minecraft.iron_block":2,"stat.pickup.thermaldynamics.retriever":8,"stat.pickup.thermaldynamics.duct_0":74,"stat.useItem.tconstruct.rack":2,"stat.pickup.sky_orchards.acorn_lead":18,"stat.killEntity.Creeper":17,"stat.ae2.ItemsInserted":11836,"stat.pickup.tombstone.crafting_ingredient":306,"stat.entityKilledBy.Skeleton":1,"stat.craftItem.tconstruct.stone_stick":8,"stat.useItem.sky_orchards.sapling_petrified":21,"stat.killEntity.Squid":1,"stat.pickup.thermaldynamics.duct_32":137,"stat.sprintOneCm":1864436,"stat.mineBlock.minecraft.stone_slab":2,"stat.drop.minecraft.stone_hoe":1,"stat.useItem.carryon.tile_item":19,"stat.craftItem.industrialforegoing.black_hole_tank":1,"stat.mineBlock.sky_orchards.leaves_petrified":762,"stat.pickup.sky_orchards.sapling_emerald":7,"stat.pickup.mysticalagriculture.supremium_furnace":1,"stat.mineBlock.sky_orchards.log_lead":19,"stat.pickup.minecraft.sugar":37,"stat.pickup.industrialforegoing.mob_relocator":1,"stat.pickup.simplegenerators.combustion_upgradable":1,"stat.pickup.sky_orchards.resin_diamond":45,"stat.mineBlock.bonsaitrees.bonsaipot":42,"stat.craftItem.minecraft.emerald":6,"stat.killEntity.Zombie":55,"stat.craftItem.minecraft.dye":996,"stat.useItem.animalcrops.seeds":8,"stat.craftItem.minecraft.diamond_axe":1,"stat.craftItem.minecraft.slime_ball":36,"stat.pickup.minecraft.wheat":100,"stat.craftItem.tombstone.decorative_grave_simple":1,"stat.mineBlock.tconstruct.slime_leaves":375,"stat.pickup.minecraft.obsidian":12,"stat.pickup.storagenetwork.kabel":18,"stat.pickup.mysticalagriculture.supremium_sword":3,"stat.pickup.sky_orchards.resin_clay":59,"stat.useItem.sky_orchards.sapling_redstone":3,"stat.pickup.minecraft.coal":35,"stat.pickup.minecraft.iron_ingot":37,"stat.mineBlock.sky_orchards.leaves_copper":56,"stat.pickup.minecraft.gunpowder":578,"stat.mineBlock.sky_orchards.log_sand":63,"stat.pickup.tombstone.dark_marble":2,"stat.pickup.minecraft.dirt":24,"stat.pickup.cyclicmagic.clock":12,"stat.pickup.matteroverdrive.weapon_module_ricochet":1,"stat.mineBlock.minecraft.red_flower":9,"stat.mineBlock.minecraft.torch":28,"stat.pickup.minecraft.written_book":9,"stat.drop.sky_orchards.amber_copper":17,"stat.tradedWithVillager":1,"stat.craftItem.minecraft.glowstone":51,"stat.pickup.appliedenergistics2.interface":24,"stat.pickup.cyclicmagic.block_user":3,"stat.mineBlock.minecraft.fence_gate":2,"stat.pickup.sky_orchards.sapling_clay":16,"stat.killEntity.bouncy_creepers.bouncy_creeper":56,"stat.pickup.sky_orchards.amber_lapis":3,"stat.useItem.storagenetwork.storage_kabel":107,"stat.craftItem.mekanismgenerators.solarpanel":12,"stat.craftItem.cyclicmagic.block_fragile_auto":16,"stat.useItem.minecraft.lava_bucket":4,"stat.craftItem.morecauldrons.oak_cauldron":1,"stat.pickup.tconstruct.clear_glass":1,"stat.useItem.sky_orchards.sapling_lead":3,"stat.pickup.sky_orchards.acorn_netherrack":14,"stat.pickup.mob_grinding_utils.tank":23,"stat.mineBlock.cyclicmagic.dehydrator":1,"stat.craftItem.storagenetwork.im_kabel":8,"stat.mineBlock.integrateddynamics.energy_battery":9,"stat.craftItem.tconstruct.fancy_frame":18,"stat.mineBlock.industrialforegoing.mob_relocator":1,"stat.mineBlock.integrateddynamics.menril_leaves":162,"stat.mobKills":321,"stat.pickup.minecraft.diamond_boots":1,"stat.mineBlock.sky_orchards.log_gold":10,"stat.drop.minecraft.written_book":2,"stat.craftItem.minecraft.lead":8,"stat.pickup.minecraft.diamond":62,"stat.pickup.minecraft.beetroot_seeds":2,"stat.drop.slabmachines.furnace_slab":1,"stat.mineBlock.sky_orchards.log_petrified":65,"stat.pickup.tp.diamond_cobblegen_block":1,"stat.mineBlock.cyclicmagic.clock":12,"stat.pickup.cyclicmagic.energy_pipe":2,"stat.mineBlock.cyclicmagic.item_pipe":2,"stat.killEntity.Blaze":5,"stat.mineBlock.mob_grinding_utils.absorption_hopper":1,"stat.pickup.sky_orchards.resin_lead":94,"stat.craftItem.teslacorelib.machine_case":6,"stat.pickup.minecraft.glowstone_dust":31,"stat.pickup.matteroverdrive.omni_tool":1,"stat.drop.sky_orchards.sapling_petrified":1,"stat.craftItem.minecraft.fire_charge":6,"stat.mineBlock.storagenetwork.ex_kabel":1,"stat.mineBlock.minecraft.sand":3,"stat.pickup.inspirations.mulch":29,"stat.mineBlock.sky_orchards.leaves_netherrack":55,"stat.hopperInspected":9,"stat.pickup.resourcehogs.mud_bucket":1,"stat.pickup.tconstruct.slime_sapling":20,"stat.drop.minecraft.diamond":21,"stat.mineBlock.cyclicmagic.auto_packager":1,"stat.pickup.mekanismgenerators.generator":22,"stat.craftItem.simplegenerators.combustion_simple":2,"stat.pickup.minecraft.ghast_tear":12,"stat.craftItem.minecraft.magma_cream":2,"stat.craftItem.minecraft.observer":6,"stat.drop.matteroverdrive.rogue_android_part":3,"stat.craftItem.thermalfoundation.material":875,"stat.mineBlock.sky_orchards.leaves_gold":112,"stat.useItem.industrialforegoing.laser_drill":3,"stat.drop.minecraft.wooden_pressure_plate":1,"stat.craftItem.xlfoodmod.dough":8,"stat.craftItem.cyclicmagic.block_storeempty":3,"stat.useItem.thermaldynamics.duct_0":377,"stat.killEntity.Horse":1,"stat.mineBlock.storagenetwork.kabel":19,"stat.craftItem.mysticalagriculture.storage":1,"stat.pickup.minecraft.pumpkin_seeds":3,"stat.pickup.tconstruct.slime_dirt":1,"stat.mineBlock.simplegenerators.culinary_simple":1,"stat.pickup.minecraft.blaze_rod":2,"stat.useItem.sky_orchards.acorn_dirt":14,"stat.pickup.mekanism.otherdust":34,"stat.pickup.animalcrops.seeds":6,"stat.mineBlock.cyclicmagic.block_user":3,"stat.pickup.minecraft.netherrack":179,"stat.craftItem.fluxnetworks.fluxpoint":6,"stat.pickup.tconstruct.casting":1,"stat.craftItem.storagenetwork.kabel":368,"stat.pickup.sky_orchards.acorn_petrified":124,"stat.craftItem.sky_orchards.sapling_diamond":2,"stat.useItem.tombstone.dark_marble":1,"stat.pickup.sky_orchards.resin_sand":1302,"stat.craftItem.minecraft.iron_hoe":1,"stat.pickup.sky_orchards.resin_gold":916,"stat.craftItem.inspirations.mulch":144,"stat.craftItem.tombstone.dark_marble":5,"stat.pickup.minecraft.melon_seeds":3,"stat.craftItem.tconstruct.toolforge":1,"stat.drop.matteroverdrive.omni_tool":1,"stat.mineBlock.sky_orchards.leaves_sand":616,"stat.pickup.sky_orchards.resin_tin":99,"stat.drop.minecraft.bone":9,"stat.craftItem.tconstruct.materials":2,"stat.mineBlock.mysticalagriculture.supremium_furnace":1,"stat.craftItem.sky_orchards.amber_dirt":4,"stat.mineBlock.sky_orchards.log_bone":16,"stat.pickup.cyclicmagic.block_storeempty":3,"stat.useItem.minecraft.torch":130,"stat.craftItem.minecraft.redstone_block":457,"stat.pickup.minecraft.crafting_table":1,"stat.useItem.minecraft.log":16,"stat.pickup.sky_orchards.acorn_gold":804,"stat.craftItem.minecraft.crafting_table":10,"stat.pickup.cyclicmagic.dehydrator":1,"stat.pickup.minecraft.redstone_block":1,"stat.pickup.sky_orchards.acorn_sand":1266,"stat.drop.minecraft.planks":7,"stat.drop.tp.toasted_bread":1,"stat.pickup.minecraft.sapling":49,"stat.drop.sky_orchards.acorn_redstone":4,"stat.craftItem.thermaldynamics.retriever":13,"stat.mineBlock.storagenetwork.controller":3,"stat.mineBlock.tconstruct.toolforge":1,"stat.mineBlock.tconstruct.slime_grass":1,"stat.craftItem.sky_orchards.acorn_petrified":12,"stat.killEntity.WitherSkeleton":5,"stat.craftItem.enderstorage.ender_pouch":1,"stat.mineBlock.mekanism.machineblock":3,"stat.pickup.sky_orchards.acorn_lapis":34,"stat.craftItem.minecraft.sugar":1,"stat.useItem.sky_orchards.sapling_coal":28,"stat.drop.sky_orchards.sapling_bacon":1,"stat.pickup.sky_orchards.sapling_diamond":18,"stat.useItem.sky_orchards.sapling_osmium":2,"stat.pickup.minecraft.stone_slab":2,"stat.drop.minecraft.yellow_flower":2,"stat.pickup.minecraft.yellow_flower":27,"stat.drop.minecraft.ghast_tear":7,"stat.pickup.cyclicmagic.block_fragile_weak":26,"stat.useItem.sky_orchards.sapling_dirt":8,"stat.drop.minecraft.wooden_axe":1,"stat.mineBlock.sky_orchards.log_netherrack":6,"stat.mineBlock.integrateddynamics.menril_log_filled":3,"stat.craftItem.minecraft.diamond_chestplate":1,"stat.pickup.minecraft.bone":183,"stat.craftItem.minecraft.sticky_piston":55,"stat.craftItem.ceramics.unfired_clay":2,"stat.horseOneCm":117916,"stat.mineBlock.sky_orchards.leaves_gravel":384,"stat.craftItem.sky_orchards.sapling_quartz":2,"stat.pickup.sky_orchards.resin_dirt":103,"stat.useItem.minecraft.diamond_sword":351,"stat.craftItem.tconstruct.slimesling":1,"stat.craftItem.minecraft.diamond_helmet":1,"stat.useItem.sky_orchards.sapling_lapis":5,"stat.climbOneCm":6024,"stat.mineBlock.mekanism.energycube":4,"stat.pickup.industrialforegoing.plastic":2,"stat.craftItem.inspirations.stone_crook":1,"stat.ae2.ItemsExtracted":6544,"stat.useItem.sky_orchards.sapling_bone":3,"stat.entityKilledBy.ranged_rogue_android":2,"stat.pickup.tp.watering_can":1,"stat.mineBlock.appliedenergistics2.interface":1,"stat.craftItem.minecraft.bone_block":46,"stat.craftItem.sky_orchards.sapling_bone":2,"stat.craftItem.horsepower.grindstone":2,"stat.craftItem.minecraft.quartz":504,"stat.pickup.minecraft.cobblestone":278,"stat.craftItem.minecraft.glass_bottle":6,"stat.craftItem.mekanism.electricbow":1,"stat.pickup.sky_orchards.resin_coal":1482,"stat.craftItem.sky_orchards.amber_lapis":146,"stat.pickup.minecraft.cactus":6,"stat.pickup.sky_orchards.sapling_petrified":42,"stat.pickup.minecraft.redstone":69,"stat.killEntity.ranged_rogue_android":8,"stat.craftItem.storagenetwork.upgrade":8,"stat.craftItem.xlfoodmod.corn_seeds":2,"stat.pickup.minecraft.cake":3,"stat.drop.thermaldynamics.duct_32":36,"stat.drop.minecraft.dirt":16,"stat.pickup.minecraft.iron_shovel":1,"stat.mineBlock.storagenetwork.storage_kabel":12,"stat.useItem.xlfoodmod.coffee":1,"stat.craftItem.tconstruct.soil":3,"stat.craftItem.sky_orchards.sapling_netherrack":1,"stat.mineBlock.sky_orchards.leaves_clay":276,"stat.craftItem.tconstruct.slime_boots":1,"stat.craftItem.thermaldynamics.duct_32":119,"stat.craftItem.minecraft.stick":192,"stat.craftItem.thermalinnovation.magnet":5,"stat.useItem.sky_orchards.sapling_emerald":2,"stat.craftItem.minecraft.gold_nugget":45,"stat.pickup.minecraft.grass":3,"stat.drop.xlfoodmod.raw_corn":3,"stat.pickup.minecraft.diamond_chestplate":1,"stat.craftItem.industrialforegoing.tree_fluid_extractor":3,"stat.pickup.xlfoodmod.coffee_cup":1,"stat.pickup.sky_orchards.resin_copper":14,"stat.mineBlock.minecraft.planks":180,"stat.drop":146,"stat.killEntity.Sheep":1,"stat.drop.minecraft.redstone_block":16,"stat.mineBlock.simplegenerators.combustion_simple":1,"stat.pickup.storagenetwork.controller":3,"stat.useItem.inspirations.stone_crook":57,"stat.pickup.sky_orchards.acorn_cottonwood":37,"stat.craftItem.minecraft.piston":118,"stat.craftItem.tconstruct.slime_grass":2,"stat.pickup.morecauldrons.cobble_cauldron":1,"stat.useItem.minecraft.apple":4,"stat.mineBlock.minecraft.deadbush":2,"stat.pickup.minecraft.fence":8,"stat.useItem.minecraft.stone_axe":410,"stat.useItem.sky_orchards.sapling_tin":14,"stat.drop.minecraft.glass":2,"stat.pickup.farmingforblockheads.market":3,"stat.mineBlock.cyclicmagic.item_pump":1,"stat.craftItem.minecraft.flint_and_steel":1,"stat.mineBlock.tconstruct.tooltables":1,"stat.mineBlock.minecraft.leaves2":314,"stat.drop.mysticalagradditions.supremium_paxel":1,"stat.damageDealt":29899,"stat.craftItem.mekanism.atomicdisassembler":1,"stat.craftItem.minecraft.gravel":244,"stat.pickup.minecraft.stick":197,"stat.craftItem.mekanism.craftingformula":1,"stat.pickup.mysticalagradditions.supremium_paxel":3,"stat.pickup.tombstone.ankh_of_pray":2,"stat.pickup.sky_orchards.acorn_clay":20,"stat.pickup.rustic.apple_seeds":2,"stat.mineBlock.sky_orchards.leaves_osmium":173,"stat.pickup.sky_orchards.acorn_emerald":18,"stat.mineBlock.sky_orchards.log_gravel":36,"stat.craftItem.minecraft.diamond_boots":1,"stat.pickup.sky_orchards.acorn_gravel":384,"stat.craftItem.mekanismgenerators.generator":9,"stat.craftItem.minecraft.redstone":5710,"stat.mineBlock.cyclicmagic.sprinkler":1,"stat.pickup.thermaldynamics.servo":39,"stat.craftItem.integrateddynamics.energy_battery":2,"stat.pickup.sky_orchards.sapling_silver":15,"stat.craftItem.tp.watering_can":1,"stat.craftItem.appliedenergistics2.crystal_seed":1150,"stat.craftItem.sky_orchards.amber_cottonwood":65,"stat.craftItem.bdsandm.wood_crate":4,"stat.killEntity.Chicken":2,"stat.craftItem.sky_orchards.sapling_glowstone":1,"stat.useItem.sky_orchards.amber_gold":1,"stat.craftItem.mekanism.machineblock2":1,"stat.craftItem.mekanism.machineblock3":1,"stat.mineBlock.minecraft.quartz_ore":3,"stat.useItem.cyclicmagic.auto_crafter":1,"stat.drop.mob_grinding_utils.tank":1,"stat.craftItem.minecraft.fence":36,"stat.mineBlock.sky_orchards.log_osmium":17,"stat.mineBlock.minecraft.leaves":676,"stat.craftItem.sky_orchards.amber_diamond":29,"stat.craftItem.sky_orchards.amber_nickel":4,"stat.useItem.thermaldynamics.retriever":5,"stat.pickup.sky_orchards.acorn_osmium":538,"stat.pickup.minecraft.wooden_slab":118,"stat.leaveGame":13,"stat.craftItem.thermalfoundation.wrench":6,"stat.pickup.tconstruct.edible":1,"stat.craftItem.minecraft.ender_eye":9,"stat.drop.forge.bucketfilled":2,"stat.mineBlock.farmingforblockheads.market":4,"stat.drop.mysticalagriculture.supremium_sword":2,"stat.craftItem.minecraft.stone_pressure_plate":2,"stat.pickup.sky_orchards.resin_cottonwood":57,"stat.pickup.sky_orchards.acorn_diamond":874,"stat.pickup.sky_orchards.sapling_dirt":30,"stat.craftItem.appliedenergistics2.storage_cell_64k":2,"stat.craftItem.tombstone.ankh_of_pray":1,"stat.mineBlock.minecraft.wooden_slab":116,"stat.pickup.integrateddynamics.menril_sapling":9,"stat.craftItem.bdsandm.upgrade":25,"stat.drop.minecraft.sand":13,"stat.pickup.sky_orchards.resin_petrified":103,"stat.pickup.simplegenerators.turbine_simple":2,"stat.craftItem.enderstorage.ender_storage":3,"stat.craftItem.mekanism.energycube":7,"stat.craftItem.minecraft.bed":2,"stat.craftItem.mekanism.configurator":1,"stat.pickup.thermalfoundation.material":113,"stat.craftItem.tp.iron_cobblegen_block":2,"stat.killEntity.ZombieVillager":2,"stat.mineBlock.sky_orchards.leaves_quartz":56,"stat.craftItem.industrialforegoing.dryrubber":23,"stat.drop.inspirations.potato_seeds":1,"stat.drop.sky_orchards.acorn_coal":64,"stat.pickup.minecraft.beef":1,"stat.craftItem.mysticalagriculture.crafting":90,"stat.craftItem.storagenetwork.storage_kabel":124,"stat.pickup.inspirations.potato_seeds":6,"stat.pickup.sky_orchards.sapling_coal":67,"stat.pickup.mob_grinding_utils.absorption_hopper":1,"stat.craftItem.minecraft.dropper":2,"stat.drop.sky_orchards.amber_lapis":2,"stat.useItem.minecraft.dye":644,"stat.pickup.sky_orchards.leaves_dirt":131,"stat.pickup.storagenetwork.remote":3,"stat.drop.minecraft.glass_bottle":1,"stat.killEntity.thermalfoundation.blitz":1,"stat.mineBlock.minecraft.tallgrass":249,"stat.drop.storagenetwork.storage_kabel":1,"stat.pickup.minecraft.arrow":196,"stat.craftItem.mekanism.machineblock":14,"stat.pickup.sky_orchards.resin_redstone":189,"stat.craftItem.appliedenergistics2.part":128,"stat.pickup.minecraft.wooden_pressure_plate":1,"stat.mineBlock.mekanism.machineblock3":1,"stat.useItem.minecraft.clay":12,"stat.useItem.sky_orchards.sapling_silver":3,"stat.pickup.tconstruct.cast_custom":1,"stat.useItem.sky_orchards.sapling_gravel":3,"stat.mineBlock.minecraft.chest":26,"stat.mineBlock.sky_orchards.sapling_bone":1,"stat.craftItem.minecraft.hopper":37,"stat.pickup.sky_orchards.resin_lapis":43,"stat.craftItem.cyclicmagic.trash":7,"stat.pickup.sky_orchards.sapling_tin":47,"stat.pickup.sky_orchards.acorn_redstone":1901,"stat.useItem.minecraft.reeds":4,"stat.useItem.storagenetwork.process_kabel":3,"stat.pickup.bdsandm.metal_crate":4,"stat.pickup.minecraft.wheat_seeds":81,"stat.drop.mysticalagriculture.crafting":33,"stat.pickup.darkutils.material":9,"stat.pickup.pickletweaks.dye_powder":4,"stat.mineBlock.minecraft.dirt":5,"stat.pickup.sky_orchards.acorn_iron":72,"stat.drop.sky_orchards.leaves_diamond":128,"stat.pickup.inspirations.carrot_seeds":4,"stat.useItem.minecraft.cobblestone":118,"stat.pickup.cyclicmagic.auto_packager":1,"stat.mineBlock.minecraft.double_plant":3,"stat.craftItem.inspirations.sugar_cane_seeds":68,"stat.pickup.matteroverdrive.tritanium_spine":14,"stat.pickup.cyclicmagic.auto_crafter":1,"stat.drop.minecraft.carrot":4,"stat.craftItem.appliedenergistics2.drive":1,"stat.craftItem.minecraft.gold_ingot":919,"stat.useItem.tombstone.ankh_of_pray":15,"stat.pickup.minecraft.apple":3,"stat.mineBlock.sky_orchards.sapling_gravel":1,"stat.useItem.mekanism.atomicdisassembler":479,"stat.drop.storagenetwork.remote":1,"stat.pickup.morecauldrons.oak_cauldron":1,"stat.mineBlock.integrateddynamics.menril_log":54,"stat.mineBlock.minecraft.log":217,"stat.pickup.rustic.sapling_apple":11,"stat.craftItem.minecraft.paper":27,"stat.pickup.minecraft.red_flower":9,"stat.mineBlock.sky_orchards.log_cottonwood":42,"stat.pickup.minecraft.wool":1,"stat.mineBlock.cyclicmagic.energy_pipe":2,"stat.useItem.minecraft.wooden_axe":59,"stat.drop.minecraft.grass":2,"stat.cakeSlicesEaten":26,"stat.mineBlock.tconstruct.slime_sapling":1,"stat.craftItem.storagenetwork.remote":2,"stat.craftItem.minecraft.diamond_leggings":1,"stat.useItem.minecraft.iron_axe":686,"stat.craftItem.tconstruct.edible":20,"stat.pickup.sky_orchards.resin_osmium":153,"stat.mineBlock.minecraft.yellow_flower":25,"stat.drop.thermalfoundation.material":10,"stat.craftItem.minecraft.wool":18,"stat.pickup.pickletweaks.coal_piece":51,"stat.craftItem.appliedenergistics2.chest":1,"stat.useItem.minecraft.obsidian":15,"stat.pickup.industrialforegoing.range_addon":1,"stat.pickup.minecraft.bow":1,"stat.useItem.minecraft.egg":1,"stat.useItem.xlfoodmod.corn_seeds":9,"stat.mineBlock.sky_orchards.leaves_emerald":109,"stat.craftItem.minecraft.cooked_beef":1,"stat.mineBlock.minecraft.obsidian":5,"stat.mineBlock.sky_orchards.leaves_dirt":744,"stat.craftItem.sky_orchards.amber_gold":578,"stat.flyOneCm":3645003,"stat.mineBlock.sky_orchards.leaves_coal":870,"stat.mineBlock.sky_orchards.log_copper":6,"stat.killEntity.twilightforest.mini_ghast":12,"stat.timeSinceDeath":341532,"stat.craftItem.fluxnetworks.fluxcore":24,"stat.craftItem.minecraft.concrete_powder":184,"stat.craftItem.minecraft.stone_hoe":2,"stat.mineBlock.sky_orchards.leaves_diamond":327,"stat.talkedToVillager":18,"stat.useItem.tp.toasted_bread":1,"stat.pickup.minecraft.string":13,"stat.pickup.sky_orchards.amber_iron":2,"stat.mineBlock.fluxnetworks.fluxcontroller":1,"stat.pickup.fluxnetworks.fluxcontroller":1,"stat.mineBlock.minecraft.ladder":3,"stat.pickup.sky_orchards.resin_netherrack":10,"stat.pickup.mysticalagriculture.supremium_helmet":1,"stat.useItem.minecraft.written_book":1,"stat.craftItem.tconstruct.tooltables":13,"stat.craftItem.minecraft.wooden_axe":2,"stat.useItem.enderstorage.ender_storage":2,"stat.craftItem.mysticalagriculture.tier1_inferium_seeds":18,"stat.craftItem.valkyrielib.modifier_speed":114,"stat.pickup.sky_orchards.leaves_gravel":164,"stat.craftItem.bdsandm.crate_key":2,"stat.craftItem.minecraft.wooden_pressure_plate":35,"stat.pickup.tconstruct.ore":47,"stat.useItem.minecraft.ladder":12,"stat.mineBlock.practicallogistics2.hammer":1,"stat.craftItem.industrialforegoing.laser_base":1,"stat.diveOneCm":50913,"stat.pickup.tconstruct.tooltables":2,"stat.craftItem.minecraft.ladder":15,"stat.pickup.minecraft.stone_axe":2,"stat.useItem.bonsaitrees.bonsaipot":10,"stat.craftItem.minecraft.diamond_sword":2,"stat.jump":14187,"stat.useItem.minecraft.sand":4,"stat.mineBlock.nuclearcraft.water_source":2,"stat.pickup.mysticalagriculture.supremium_chestplate":1,"stat.craftItem.minecraft.torch":128,"stat.drop.minecraft.glowstone":51,"stat.craftItem.sky_orchards.sapling_lapis":2,"stat.craftItem.storagenetwork.controller":1,"stat.pickup.sky_orchards.resin_bone":9,"stat.useItem.minecraft.sapling":19,"stat.craftItem.practicallogistics2.hammer":1,"stat.mineBlock.sky_orchards.log_emerald":10,"stat.mineBlock.thermaldynamics.duct_32":1,"stat.damageTaken":13293,"stat.pickup.cyclicmagic.trash":5,"stat.mineBlock.minecraft.sapling":1,"stat.pickup.simplegenerators.culinary_simple":1,"stat.pickup.appliedenergistics2.storage_cell_1k":1,"stat.pickup.minecraft.log2":82,"stat.craftItem.sky_orchards.amber_lead":8486,"stat.useItem.forge.bucketfilled":1,"stat.craftItem.minecraft.stone_slab":264,"stat.animalsBred":2,"stat.useItem.minecraft.chest":116,"stat.pickup.sky_orchards.acorn_nickel":2,"stat.pickup.sky_orchards.sapling_bone":9,"stat.useItem.mysticalagradditions.supremium_paxel":56,"stat.craftItem.mekanism.ingot":1,"stat.useItem.appliedenergistics2.inscriber":4,"stat.craftItem.sky_orchards.amber_silver":3,"stat.useItem.mysticalagriculture.supremium_sword":74,"stat.drop.inspirations.carrot_seeds":3,"stat.useItem.tconstruct.faucet":1,"stat.useItem.mekanism.electricbow":53,"stat.pickup.cyclicmagic.block_fragile_auto":2,"stat.craftItem.rustic.crushing_tub":1,"stat.mineBlock.sky_orchards.leaves_lead":219,"stat.mineBlock.sky_orchards.log_diamond":29,"stat.pickup.minecraft.ender_pearl":8,"stat.drop.minecraft.wooden_slab":41,"stat.pickup.minecraft.ladder":3,"stat.useItem.minecraft.netherrack":132,"stat.pickup.simplegenerators.combustion_simple":1,"stat.drop.sky_orchards.leaves_tin":64,"stat.craftItem.minecraft.shears":1,"stat.pickup.minecraft.torch":42,"stat.useItem.thermaldynamics.servo":27,"stat.craftItem.mekanism.controlcircuit":6,"stat.drop.minecraft.stone_axe":2,"stat.useItem.inspirations.sugar_cane_seeds":71,"stat.craftItem.sky_orchards.sapling_cottonwood":2,"stat.pickup.mysticalagriculture.supremium_leggings":1,"stat.useItem.sky_orchards.sapling_cottonwood":5,"stat.craftItem.minecraft.iron_axe":3,"stat.killEntity.Ozelot":1,"stat.craftItem.storagenetwork.request":1,"stat.useItem.fluxnetworks.fluxpoint":5,"stat.mineBlock.sky_orchards.leaves_tin":760,"stat.useItem.minecraft.planks":530,"stat.craftItem.sky_orchards.sapling_petrified":2,"stat.pickup.matteroverdrive.phaser_rifle":1,"stat.pickup.appliedenergistics2.drive":1,"stat.pickup.enderstorage.ender_storage":2,"stat.pickup.minecraft.porkchop":8,"stat.craftItem.xlfoodmod.donut":4,"stat.pickup.minecraft.glass":13,"stat.pickup.minecraft.blaze_powder":23,"stat.useItem.sky_orchards.sapling_iron":1,"stat.useItem.minecraft.water_bucket":33,"stat.pickup.minecraft.sand":4,"stat.craftItem.mekanism.basicblock":14,"stat.pickup.contenttweaker.cobblestone_circuit_mold":3,"stat.pickup.nuclearcraft.water_source":2,"stat.mineBlock.cyclicmagic.block_soundproofing":5,"stat.pickup.sky_orchards.sapling_nickel":2,"stat.craftItem.storagenetwork.process_kabel":8,"stat.pickup.xlfoodmod.lettuce_seeds":8,"stat.drop.minecraft.stone_slab":2,"stat.pickup.minecraft.fence_gate":2,"stat.pickup.appliedenergistics2.inscriber":13,"stat.useItem.minecraft.redstone":2,"stat.pickup.sky_orchards.acorn_copper":6,"stat.craftItem.industrialforegoing.laser_lens":9,"stat.mineBlock.cyclicmagic.block_fragile_auto":1,"stat.craftItem.industrialforegoing.range_addon":1,"stat.pickup.minecraft.skull":28,"stat.craftItem.minecraft.netherrack":40,"stat.pickup.fluxnetworks.fluxpoint":4,"stat.pickup.cyclicmagic.block_soundproofing":2,"stat.craftItem.minecraft.sand":3234,"stat.craftItem.appliedenergistics2.quartz_glass":76,"stat.craftItem.nuclearcraft.gem":8,"stat.useItem.storagenetwork.kabel":257,"stat.drop.tconstruct.faucet":1,"stat.craftItem.minecraft.heavy_weighted_pressure_plate":2,"stat.mineBlock.appliedenergistics2.chest":1,"stat.playOneMinute":2025860,"stat.pickup.tconstruct.rack":2,"stat.useItem.integrateddynamics.menril_sapling":3,"stat.pickup.minecraft.iron_bars":6,"stat.craftItem.minecraft.pumpkin_pie":1,"stat.craftItem.tp.mycelium_seeds":5,"stat.pickup.tp.toasted_bread":1,"stat.craftItem.appliedenergistics2.material":220,"stat.craftItem.tp.cobblegen_block":2,"stat.mineBlock.minecraft.netherrack":190,"stat.mineBlock.bdsandm.metal_crate":4,"stat.mineBlock.appliedenergistics2.cable_bus":1,"stat.pickup.practicallogistics2.hammer":4,"stat.useItem.inspirations.wooden_crook":85,"stat.mineBlock.tconstruct.faucet":6,"stat.craftItem.minecraft.iron_nugget":72,"stat.fallOneCm":1484331,"stat.drop.minecraft.dye":116,"stat.pickup.sky_orchards.sapling_netherrack":6,"stat.mineBlock.sky_orchards.amber_gold":1,"stat.craftItem.minecraft.chest":342,"stat.useItem.inspirations.mulch":3,"stat.mineBlock.sky_orchards.amber_lapis":2,"stat.pickup.sky_orchards.sapling_sand":32,"stat.pickup.minecraft.feather":14,"stat.pickup.sky_orchards.sapling_gold":13,"stat.craftItem.integrateddynamics.crystalized_menril_block":4,"stat.pickup.slabmachines.furnace_slab":1,"stat.pickup.minecraft.lead":8,"stat.mineBlock.sky_orchards.sapling_petrified":2,"stat.craftItem.tconstruct.seared_tank":1,"stat.craftItem.sky_orchards.amber_tin":106,"stat.drop.sky_orchards.acorn_sand":2,"stat.mineBlock.cyclicmagic.block_storeempty":5,"stat.mineBlock.sky_orchards.sapling_dirt":1,"stat.craftItem.ceramics.clay_bucket":1,"stat.mineBlock.sky_orchards.sapling_coal":7,"stat.craftItem.appliedenergistics2.energy_acceptor":1,"stat.pickup.minecraft.log":958,"stat.pickup.mekanism.machineblock":12,"stat.pickup.matteroverdrive.rogue_android_part":153,"stat.mineBlock.simplegenerators.combustion_upgradable":1,"stat.useItem.xlfoodmod.donut":110,"stat.pickup.storagenetwork.upgrade":4,"stat.killEntity.rogue_android":12,"stat.craftItem.thermaldynamics.duct_0":312,"stat.mineBlock.sky_orchards.log_clay":29,"stat.useItem.minecraft.stone_hoe":21,"stat.drop.tconstruct.edible":1,"stat.craftItem.appliedenergistics2.interface":46,"stat.useItem.integrateddynamics.menril_berries":149,"stat.sneakTime":46246,"stat.useItem.tconstruct.slime_congealed":1,"stat.mineBlock.mob_grinding_utils.tank":24,"stat.pickup.minecraft.chest":67,"stat.useItem.mysticalagriculture.tier1_inferium_seeds":17,"stat.drop.sky_orchards.sapling_donut":1,"stat.mineBlock.sky_orchards.leaves_silver":270,"stat.pickup.sky_orchards.amber_gold":1,"stat.craftItem.sky_orchards.amber_iron":191,"stat.swimOneCm":14247,"stat.mineBlock.sky_orchards.amber_lead":1,"stat.useItem.minecraft.dirt":45,"stat.useItem.storagenetwork.remote":21,"stat.craftItem.cyclicmagic.dehydrator":1,"stat.craftItem.pickletweaks.coal_piece":696,"stat.mineBlock.sky_orchards.sapling_gold":1,"stat.pickup.sky_orchards.leaves_nickel":1,"stat.pickup.minecraft.clay":40,"stat.pickup.minecraft.glass_bottle":25,"stat.pickup.appliedenergistics2.material":216,"stat.pickup.sky_orchards.sapling_lead":20,"stat.craftItem.minecraft.wooden_slab":234,"stat.mineBlock.cyclicmagic.auto_crafter":1,"stat.mineBlock.sky_orchards.leaves_cottonwood":405,"stat.pickup.sky_orchards.resin_nickel":1,"stat.drop.minecraft.log":127,"stat.pickup.minecraft.mutton":1,"stat.mineBlock.sky_orchards.sapling_sand":2,"stat.mineBlock.mekanismgenerators.generator":3,"stat.useItem.minecraft.lever":1,"stat.drop.tconstruct.tooltables":1,"stat.pickup.minecraft.wooden_axe":1,"stat.mineBlock.minecraft.coal_block":1,"stat.useItem.mysticalagriculture.supremium_bow":31,"stat.drop.inspirations.mulch":7,"stat.useItem.sky_orchards.sapling_clay":6,"stat.mineBlock.cyclicmagic.block_fragile_weak":27,"stat.pickup.xlfoodmod.corn_seeds":74,"stat.craftItem.mekanism.energytablet":21,"stat.craftItem.minecraft.stone_slab2":0,"stat.pickup.sky_orchards.sapling_cottonwood":25,"stat.drop.sky_orchards.amber_iron":3,"stat.drop.thermalfoundation.wrench":1,"stat.useItem.cyclicmagic.crafting_food":1,"stat.craftItem.cyclicmagic.crafting_food":1,"stat.useItem.minecraft.stone_slab":8,"stat.craftItem.minecraft.stone":52,"stat.drop.tombstone.ankh_of_pray":2,"stat.pickup.integrateddynamics.menril_log":58,"stat.mineBlock.minecraft.crafting_table":2,"stat.useItem.minecraft.diamond_pickaxe":43,"stat.craftItem.animalcrops.seeds":5,"stat.craftItem.nuclearcraft.dust":4,"stat.craftItem.sky_orchards.sapling_clay":4,"stat.mineBlock.rustic.leaves_apple":113,"stat.craftItem.minecraft.diamond_pickaxe":1,"stat.mineBlock.tombstone.decorative_grave_simple":1,"stat.craftItem.minecraft.clay":16,"stat.pickup.integrateddynamics.crystalized_menril_chunk":10,"stat.mineBlock.tombstone.dark_marble":2,"stat.pickup.tconstruct.toolforge":1,"stat.useItem.thermalfoundation.wrench":268,"stat.mineBlock.sky_orchards.leaves_bone":271,"stat.useItem.minecraft.glass_bottle":17,"stat.pickup.sky_orchards.amber_lead":1,"stat.useItem.minecraft.diamond_axe":67,"stat.mineBlock.tconstruct.slime_dirt":1,"stat.pickup.sky_orchards.acorn_tin":88,"stat.craftItem.tconstruct.rack":3,"stat.pickup.sky_orchards.sapling_redstone":17,"stat.craftItem.bonsaitrees.bonsaipot":66,"stat.pickup.minecraft.spider_eye":34,"stat.useItem.cyclicmagic.block_fragile_weak":207,"stat.drop.tconstruct.casting":1,"stat.pickup.tconstruct.slime_congealed":36,"stat.mineBlock.minecraft.iron_bars":6,"stat.pickup.inspirations.sugar_cane_seeds":52,"stat.mineBlock.sky_orchards.log_lapis":30,"stat.pickup.mysticalagriculture.crafting":58,"stat.pickup.minecraft.reeds":80,"stat.craftItem.sky_orchards.amber_copper":147,"stat.mineBlock.sky_orchards.log_redstone":43,"stat.pickup.storagenetwork.storage_kabel":11,"stat.pickup.tconstruct.materials":2,"stat.pickup.sky_orchards.sapling_quartz":5,"stat.pickup.sky_orchards.sapling_osmium":8,"stat.craftItem.minecraft.glass":55,"stat.craftItem.minecraft.cauldron":2,"stat.sleepInBed":15,"stat.mineBlock.sky_orchards.log_iron":11,"stat.killEntity.Cow":1,"stat.killEntity.Pig":3,"stat.pickup.sky_orchards.acorn_bone":5,"stat.walkOneCm":2870854,"stat.playerKills":21,"stat.craftItem.sky_orchards.sapling_bacon":1,"stat.pickup.minecraft.clay_ball":82,"stat.craftItem.inspirations.wooden_crook":1,"stat.useItem.storagenetwork.im_kabel":1,"stat.craftItem.thermaldynamics.servo":65,"stat.mineBlock.sky_orchards.log_silver":25,"stat.craftItem.simplegenerators.combustion_upgradable":2,"stat.mineBlock.thermaldynamics.duct_0":3,"stat.mineBlock.integrateddynamics.menril_sapling":3,"stat.pickup.sky_orchards.acorn_silver":24,"stat.pickup.sky_orchards.sapling_gravel":17,"stat.mineBlock.thermalfoundation.ore_fluid":5,"stat.killEntity.Skeleton":19,"stat.mineBlock.minecraft.cactus":4,"stat.craftItem.mekanismgenerators.turbineblade":1,"stat.pickup.cyclicmagic.item_pipe":2,"stat.killEntity.Spider":2,"stat.mineBlock.inspirations.mulch":2,"stat.pickup.minecraft.quartz":45,"stat.craftItem.farmingforblockheads.market":2,"stat.pickup.minecraft.water_bucket":2,"stat.craftItem.valkyrielib.modifier_component":184,"stat.craftItem.cyclicmagic.melter":2,"stat.craftItem.slabmachines.furnace_slab":1,"stat.pickup.mysticalagriculture.supremium_boots":1,"stat.useItem.appliedenergistics2.part":45,"stat.pickup.minecraft.lava_bucket":1,"stat.useItem.appliedenergistics2.interface":1,"stat.craftItem.minecraft.brick":65,"stat.craftItem.industrialforegoing.laser_drill":4,"stat.craftItem.simplegenerators.turbine_simple":1,"stat.mineBlock.mob_grinding_utils.spikes":4}