{"stat.chestOpened":13,"stat.walkOneCm":65036,"stat.useItem.slabmachines.chest_slab":1,"stat.pickup.minecraft.wooden_slab":3,"stat.pickup.tp.toasted_bread":1,"stat.pickup.minecraft.wooden_axe":1,"stat.mineBlock.sky_orchards.leaves_gravel":110,"stat.pickup.minecraft.stone_axe":1,"stat.craftItem.minecraft.crafting_table":1,"stat.furnaceInteraction":1,"stat.pickup.minecraft.flint":1,"stat.pickup.sky_orchards.acorn_clay":16,"stat.pickup.sky_orchards.acorn_petrified":34,"stat.pickup.sky_orchards.resin_dirt":6,"stat.craftItem.slabmachines.chest_slab":4,"stat.pickup.minecraft.log":60,"stat.pickup.sky_orchards.resin_clay":11,"stat.drop.sky_orchards.acorn_gravel":2,"stat.mineBlock.sky_orchards.log_gravel":5,"stat.jump":28,"stat.craftItem.tconstruct.rack":2,"stat.pickup.sky_orchards.resin_gravel":8,"stat.fallOneCm":68332,"stat.pickup.sky_orchards.acorn_gravel":10,"stat.mineBlock.sky_orchards.leaves_clay":107,"stat.drop.minecraft.dye":1,"stat.useItem.minecraft.stone_axe":18,"stat.crouchOneCm":250,"stat.mineBlock.sky_orchards.log_dirt":4,"stat.useItem.sky_orchards.sapling_petrified":5,"stat.craftItem.minecraft.chest":2,"stat.craftItem.tconstruct.tooltables":2,"stat.pickup.sky_orchards.acorn_dirt":14,"stat.pickup.minecraft.dirt":1,"stat.sprintOneCm":6920,"stat.useItem.minecraft.stone_slab2":7,"stat.drop.sky_orchards.sapling_dirt":1,"stat.mineBlock.tconstruct.rack":1,"stat.pickup.sky_orchards.sapling_dirt":4,"stat.mineBlock.sky_orchards.leaves_petrified":270,"stat.craftItem.minecraft.planks":16,"stat.damageTaken":380,"stat.mineBlock.minecraft.torch":1,"stat.mineBlock.sky_orchards.leaves_dirt":118,"stat.mineBlock.minecraft.wooden_slab":1,"stat.pickup.minecraft.dye":1,"stat.mineBlock.sky_orchards.log_clay":8,"stat.flyOneCm":2993,"stat.deaths":1,"stat.drop":4,"stat.playOneMinute":35430,"stat.pickup.minecraft.torch":1,"stat.pickup.sky_orchards.resin_petrified":70,"stat.pickup.sky_orchards.sapling_clay":3,"stat.sneakTime":1524,"stat.damageDealt":14,"stat.pickup.sky_orchards.sapling_petrified":16,"stat.timeSinceDeath":5438,"stat.useItem.minecraft.wooden_axe":48,"stat.craftItem.minecraft.brick":8,"stat.mineBlock.sky_orchards.log_petrified":45}