{"stat.chestOpened":20,"stat.pickup.minecraft.wooden_slab":6,"stat.mineBlock.sky_orchards.leaves_bone":54,"stat.pickup.minecraft.flint":1,"stat.pickup.sky_orchards.acorn_petrified":101,"stat.pickup.sky_orchards.resin_dirt":93,"stat.craftItem.minecraft.coal":9,"stat.pickup.sky_orchards.resin_clay":57,"stat.jump":68,"stat.useItem.sky_orchards.sapling_gravel":2,"stat.craftItem.tconstruct.rack":3,"stat.fallOneCm":134109,"stat.craftItem.sky_orchards.sapling_petrified":1,"stat.useItem.minecraft.stone_axe":70,"stat.mineBlock.slabmachines.chest_slab":3,"stat.crouchOneCm":14253,"stat.mineBlock.sky_orchards.log_dirt":57,"stat.useItem.sky_orchards.sapling_bone":1,"stat.pickup.minecraft.dirt":20,"stat.useItem.minecraft.stone_slab2":25,"stat.mineBlock.sky_orchards.sapling_bone":1,"stat.craftingTableInteraction":22,"stat.pickup.sky_orchards.resin_bone":8,"stat.mineBlock.tconstruct.rack":1,"stat.craftItem.sky_orchards.sapling_gravel":1,"stat.pickup.sky_orchards.sapling_dirt":36,"stat.craftItem.minecraft.stone_axe":4,"stat.craftItem.sky_orchards.sapling_bone":2,"stat.damageTaken":394,"stat.mineBlock.minecraft.torch":1,"stat.mineBlock.sky_orchards.leaves_dirt":346,"stat.mineBlock.minecraft.wooden_slab":6,"stat.pickup.minecraft.dye":12,"stat.mineBlock.minecraft.clay":2,"stat.flyOneCm":4200,"stat.mineBlock.sky_orchards.sapling_petrified":2,"stat.craftItem.minecraft.wooden_slab":150,"stat.pickup.sky_orchards.resin_petrified":125,"stat.pickup.sky_orchards.sapling_clay":27,"stat.mineBlock.sky_orchards.log_bone":5,"stat.pickup.sky_orchards.sapling_petrified":28,"stat.timeSinceDeath":6465,"stat.useItem.minecraft.wooden_slab":130,"stat.pickup.sky_orchards.acorn_bone":5,"stat.craftItem.minecraft.stone_slab":24,"stat.walkOneCm":103628,"stat.useItem.slabmachines.chest_slab":2,"stat.mineBlock.sky_orchards.sapling_dirt":2,"stat.pickup.minecraft.stick":5,"stat.pickup.sky_orchards.sapling_bone":5,"stat.pickup.minecraft.crafting_table":1,"stat.pickup.minecraft.clay_ball":8,"stat.craftItem.minecraft.crafting_table":1,"stat.furnaceInteraction":14,"stat.pickup.sky_orchards.acorn_clay":35,"stat.drop.minecraft.dirt":2,"stat.useItem.tconstruct.rack":1,"stat.useItem.sky_orchards.sapling_clay":11,"stat.craftItem.slabmachines.chest_slab":1,"stat.mineBlock.sky_orchards.sapling_clay":2,"stat.useItem.xlfoodmod.coffee":1,"stat.useItem.tp.toasted_bread":1,"stat.pickup.minecraft.log":153,"stat.craftItem.tp.wooden_shears":1,"stat.mineBlock.sky_orchards.log_gravel":5,"stat.pickup.sky_orchards.resin_gravel":5,"stat.craftItem.rustic.crushing_tub":1,"stat.pickup.sky_orchards.acorn_gravel":18,"stat.mineBlock.sky_orchards.leaves_clay":436,"stat.craftItem.minecraft.stone_slab2":0,"stat.useItem.sky_orchards.sapling_petrified":9,"stat.craftItem.tconstruct.tooltables":1,"stat.pickup.sky_orchards.acorn_dirt":46,"stat.sprintOneCm":20163,"stat.drop.minecraft.wooden_slab":3,"stat.pickup.sky_orchards.sapling_gravel":9,"stat.craftItem.minecraft.stick":16,"stat.craftItem.minecraft.wooden_axe":4,"stat.mineBlock.sky_orchards.leaves_petrified":577,"stat.craftItem.minecraft.planks":104,"stat.mineBlock.minecraft.crafting_table":1,"stat.craftItem.minecraft.dirt":9,"stat.pickup.slabmachines.chest_slab":3,"stat.mineBlock.sky_orchards.log_clay":39,"stat.deaths":1,"stat.drop":8,"stat.pickup.sky_orchards.leaves_dirt":78,"stat.craftItem.slabmachines.furnace_slab":1,"stat.playOneMinute":62272,"stat.pickup.tconstruct.rack":2,"stat.pickup.minecraft.torch":1,"stat.craftItem.sky_orchards.sapling_clay":4,"stat.sneakTime":5943,"stat.drop.minecraft.stone_axe":1,"stat.useItem.minecraft.wooden_axe":127,"stat.craftItem.minecraft.clay":3,"stat.craftItem.minecraft.cobblestone":22,"stat.useItem.sky_orchards.sapling_dirt":13,"stat.mineBlock.sky_orchards.log_petrified":45,"stat.drop.minecraft.wooden_axe":1,"stat.drop.sky_orchards.sapling_clay":1}