{"stat.walkOneCm":33658,"stat.pickup.minecraft.wooden_slab":5,"stat.mineBlock.tconstruct.rack":1,"stat.pickup.sky_orchards.sapling_dirt":31,"stat.mineBlock.sky_orchards.sapling_dirt":2,"stat.craftItem.minecraft.planks":104,"stat.craftItem.minecraft.dirt":2,"stat.craftItem.minecraft.crafting_table":1,"stat.mineBlock.minecraft.torch":1,"stat.useItem.tconstruct.rack":1,"stat.mineBlock.sky_orchards.leaves_dirt":267,"stat.pickup.sky_orchards.resin_dirt":61,"stat.mineBlock.minecraft.wooden_slab":5,"stat.pickup.minecraft.log":40,"stat.flyOneCm":796,"stat.craftItem.tp.wooden_shears":1,"stat.jump":10,"stat.pickup.sky_orchards.leaves_dirt":78,"stat.craftItem.tconstruct.rack":3,"stat.playOneMinute":26272,"stat.pickup.tconstruct.rack":1,"stat.pickup.minecraft.torch":1,"stat.craftItem.rustic.crushing_tub":1,"stat.craftItem.minecraft.wooden_slab":144,"stat.sneakTime":4048,"stat.crouchOneCm":12465,"stat.mineBlock.sky_orchards.log_dirt":40,"stat.timeSinceDeath":26272,"stat.useItem.minecraft.wooden_axe":38,"stat.pickup.sky_orchards.acorn_dirt":19,"stat.pickup.minecraft.dirt":4,"stat.sprintOneCm":4686,"stat.useItem.minecraft.stone_slab2":8,"stat.useItem.minecraft.wooden_slab":125,"stat.useItem.sky_orchards.sapling_dirt":10,"stat.craftItem.minecraft.stick":8,"stat.craftItem.minecraft.wooden_axe":1,"stat.craftingTableInteraction":21}