{
  "tutorial:tutorial/oakwood": {
    "criteria": {
      "Obtain Oak Wood": "2021-03-21 22:57:49 +0100"
    },
    "done": false
  },
  "sf4:age_allthethingsomglol/complete": {
    "criteria": {
      "Completed Age of ALLTHETHINGSOMGLOL§r": "2021-03-21 22:50:08 +0100"
    },
    "done": false
  },
  "sf4:age_enhancement/root": {
    "criteria": {
      "inventoryChange": "2021-03-21 22:50:08 +0100"
    },
    "done": true
  },
  "sf4:age1/sapling/cottonwood": {
    "criteria": {
      "Completed Root": "2021-03-21 22:50:08 +0100"
    },
    "done": false
  },
  "tutorial:tutorial/oakplanks": {
    "criteria": {
      "Obtain Oak Wood Planks": "2021-03-21 23:11:20 +0100"
    },
    "done": false
  },
  "sf4:age_exploration/complete": {
    "criteria": {
      "Completed Age of Exploration§r": "2021-03-21 22:50:08 +0100"
    },
    "done": false
  },
  "sf4:age1/complete": {
    "criteria": {
      "Completed Air Fryer§r": "2021-03-21 22:54:42 +0100",
      "Completed That\u0027s Dir-tree§r": "2021-03-21 22:52:41 +0100",
      "Completed Root": "2021-03-21 22:50:08 +0100",
      "Completed SkyFactory 4§r": "2021-03-21 22:50:08 +0100",
      "Completed Starting from the Bottom§r": "2021-03-21 22:51:20 +0100",
      "Completed Hardwood§r": "2021-03-21 22:55:47 +0100",
      "Completed Stop Slabbing Yourself§r": "2021-03-21 23:12:18 +0100",
      "Completed Clay Aiken§r": "2021-03-21 23:09:29 +0100"
    },
    "done": false
  },
  "sf4:age1/sapling/dirt": {
    "criteria": {
      "Obtain Dirt Sapling": "2021-03-21 22:52:41 +0100",
      "Completed Root": "2021-03-21 22:50:08 +0100"
    },
    "done": true
  },
  "sf4:age1/sapling/bacon": {
    "criteria": {
      "Completed Root": "2021-03-21 22:50:08 +0100"
    },
    "done": false
  },
  "sf4:age1/resourcehogs": {
    "criteria": {
      "Completed Root": "2021-03-21 22:50:08 +0100"
    },
    "done": false
  },
  "sf4:age1/iron_ingot": {
    "criteria": {
      "Completed Root": "2021-03-21 22:50:08 +0100"
    },
    "done": false
  },
  "sf4:age1/green_slimy_dirt": {
    "criteria": {
      "Completed Root": "2021-03-21 22:50:08 +0100"
    },
    "done": false
  },
  "sf4:age1/nonpacifist": {
    "criteria": {
      "superflat2": "2021-03-21 22:50:08 +0100",
      "superflat32": "2021-03-21 22:50:08 +0100",
      "Completed Root": "2021-03-21 22:50:08 +0100"
    },
    "done": true
  },
  "sf4:age1/iron_bucket": {
    "criteria": {
      "Completed Root": "2021-03-21 22:50:08 +0100"
    },
    "done": false
  },
  "sf4:age1/sapling/slime": {
    "criteria": {
      "Completed Root": "2021-03-21 22:50:08 +0100"
    },
    "done": false
  },
  "sf4:age1/amber/silver": {
    "criteria": {
      "Completed Root": "2021-03-21 22:50:08 +0100"
    },
    "done": false
  },
  "sf4:age1/string": {
    "criteria": {
      "Completed Root": "2021-03-21 22:50:08 +0100"
    },
    "done": false
  },
  "sf4:age1/amber/lead": {
    "criteria": {
      "Completed Root": "2021-03-21 22:50:08 +0100"
    },
    "done": false
  },
  "sf4:age_storage/complete_no_prestige": {
    "criteria": {
      "Prestige Mode Disabled": "2021-03-21 22:50:08 +0100",
      "Completed Age of Storage§r": "2021-03-21 22:50:08 +0100"
    },
    "done": false
  },
  "sf4:age1/sapling/petrified": {
    "criteria": {
      "Completed Root": "2021-03-21 22:50:08 +0100",
      "Obtain Petrified Sapling": "2021-03-21 22:55:47 +0100"
    },
    "done": true
  },
  "sf4:age1/sapling/redstone": {
    "criteria": {
      "Completed Root": "2021-03-21 22:50:08 +0100"
    },
    "done": false
  },
  "sf4:age1/amber/gold": {
    "criteria": {
      "Completed Root": "2021-03-21 22:50:08 +0100"
    },
    "done": false
  },
  "sf4:age1/sapling/tin": {
    "criteria": {
      "Completed Root": "2021-03-21 22:50:08 +0100"
    },
    "done": false
  },
  "tutorial:tutorial/dirtsapling": {
    "criteria": {
      "Obtain a Dirt Sapling": "2021-03-21 22:52:41 +0100"
    },
    "done": false
  },
  "sf4:age1/wooden_crook": {
    "criteria": {
      "Completed Root": "2021-03-21 22:50:08 +0100"
    },
    "done": false
  },
  "sf4:age_farming/skyorchards": {
    "criteria": {
      "Obtain Dirt Sapling": "2021-03-21 22:52:41 +0100",
      "Obtain Petrified Sapling": "2021-03-21 22:55:47 +0100",
      "Obtain Clay Sapling": "2021-03-21 23:09:29 +0100"
    },
    "done": false
  },
  "sf4:age_exploration/skygriddragonkill": {
    "criteria": {
      "Completed Age of Exploration§r": "2021-03-21 22:50:08 +0100"
    },
    "done": false
  },
  "sf4:age1/sapling/lapis": {
    "criteria": {
      "Completed Root": "2021-03-21 22:50:08 +0100"
    },
    "done": false
  },
  "pacifist:pacifist_run/root": {
    "criteria": {
      "hasRock": "2021-03-21 22:50:08 +0100"
    },
    "done": false
  },
  "sf4:age1/coal": {
    "criteria": {
      "Completed Root": "2021-03-21 22:50:08 +0100"
    },
    "done": false
  },
  "sf4:age_storage/complete": {
    "criteria": {
      "Completed Age of Storage§r": "2021-03-21 22:50:08 +0100"
    },
    "done": false
  },
  "sf4:age_exploration/root": {
    "criteria": {
      "inventoryChange": "2021-03-21 22:50:08 +0100"
    },
    "done": true
  },
  "tutorial:tutorial/craftingstation": {
    "criteria": {
      "Obtain a Crafting Station": "2021-03-21 23:11:27 +0100"
    },
    "done": false
  },
  "sf4:age1/slabs": {
    "criteria": {
      "Obtain Chest Slab": "2021-03-21 23:12:18 +0100",
      "Completed Root": "2021-03-21 22:50:08 +0100"
    },
    "done": true
  },
  "sf4:age_storage/root": {
    "criteria": {
      "inventoryChange": "2021-03-21 22:50:08 +0100"
    },
    "done": true
  },
  "sf4:age1/diamond": {
    "criteria": {
      "Completed Root": "2021-03-21 22:50:08 +0100"
    },
    "done": false
  },
  "sf4:age1/obsidian": {
    "criteria": {
      "Completed Root": "2021-03-21 22:50:08 +0100"
    },
    "done": false
  },
  "sf4:age1/lavasource": {
    "criteria": {
      "Completed SkyFactory 4§r": "2021-03-21 22:50:08 +0100",
      "Completed Root": "2021-03-21 22:50:08 +0100"
    },
    "done": false
  },
  "tutorial:tutorial/copied/petrifiedsapling": {
    "criteria": {
      "Obtain Petrified Sapling": "2021-03-21 22:55:47 +0100"
    },
    "done": false
  },
  "sf4:age1/sapling/sand": {
    "criteria": {
      "Completed Root": "2021-03-21 22:50:08 +0100"
    },
    "done": false
  },
  "sf4:age1/dirt": {
    "criteria": {
      "Completed Root": "2021-03-21 22:50:08 +0100"
    },
    "done": false
  },
  "sf4:age1/sapling/coal": {
    "criteria": {
      "Completed Root": "2021-03-21 22:50:08 +0100"
    },
    "done": false
  },
  "hardcore:hardcore/forgivingvoid": {
    "criteria": {
      "Completed Age of Exploration§r": "2021-03-21 22:50:08 +0100"
    },
    "done": false
  },
  "sf4:age_enhancement/complete": {
    "criteria": {
      "Completed Age of Enhancement§r": "2021-03-21 22:50:08 +0100"
    },
    "done": false
  },
  "sf4:age_enhancement/completenoprestige": {
    "criteria": {
      "Prestige Mode Disabled": "2021-03-21 22:50:08 +0100",
      "Completed Age of Enhancement§r": "2021-03-21 22:50:08 +0100"
    },
    "done": false
  },
  "sf4:age1/completenoprestige": {
    "criteria": {
      "Completed Air Fryer§r": "2021-03-21 22:54:42 +0100",
      "Prestige Mode Disabled": "2021-03-21 22:50:08 +0100",
      "Completed That\u0027s Dir-tree§r": "2021-03-21 22:52:41 +0100",
      "Completed Root": "2021-03-21 22:50:08 +0100",
      "Completed SkyFactory 4§r": "2021-03-21 22:50:08 +0100",
      "Completed Starting from the Bottom§r": "2021-03-21 22:51:20 +0100",
      "Completed Hardwood§r": "2021-03-21 22:55:47 +0100",
      "Completed Stop Slabbing Yourself§r": "2021-03-21 23:12:18 +0100",
      "Completed Clay Aiken§r": "2021-03-21 23:09:29 +0100"
    },
    "done": false
  },
  "sf4:age1/sapling/iron": {
    "criteria": {
      "Completed Root": "2021-03-21 22:50:08 +0100"
    },
    "done": false
  },
  "sf4:age1/stone_crook": {
    "criteria": {
      "Completed Root": "2021-03-21 22:50:08 +0100"
    },
    "done": false
  },
  "sf4:age_farming/root": {
    "criteria": {
      "inventoryChange": "2021-03-21 22:50:08 +0100"
    },
    "done": true
  },
  "sf4:age_exploration/completenoprestige": {
    "criteria": {
      "Completed Age of Exploration§r": "2021-03-21 22:50:08 +0100",
      "Prestige Mode Disabled": "2021-03-21 22:50:08 +0100"
    },
    "done": false
  },
  "sf4:age_power/root": {
    "criteria": {
      "inventoryChange": "2021-03-21 22:50:08 +0100"
    },
    "done": true
  },
  "tutorial:tutorial/copied/slabs": {
    "criteria": {
      "Obtain Chest Slab": "2021-03-21 23:12:18 +0100"
    },
    "done": false
  },
  "tutorial:tutorial/copied/claysapling": {
    "criteria": {
      "Obtain a Clay Sapling": "2021-03-21 23:09:29 +0100"
    },
    "done": false
  },
  "sf4:age1/sleep": {
    "criteria": {
      "Completed Root": "2021-03-21 22:50:08 +0100"
    },
    "done": false
  },
  "sf4:age1/sapling/bone": {
    "criteria": {
      "Completed Root": "2021-03-21 22:50:08 +0100"
    },
    "done": false
  },
  "pacifist:pacifist_run/peaceful": {
    "criteria": {
      "brokeLeaves": "2021-03-21 22:51:19 +0100",
      "brokeLog": "2021-03-21 22:55:54 +0100"
    },
    "done": false
  },
  "sf4:age1/sapling/lead": {
    "criteria": {
      "Completed Root": "2021-03-21 22:50:08 +0100"
    },
    "done": false
  },
  "sf4:age1/sapling/diamond": {
    "criteria": {
      "Completed Root": "2021-03-21 22:50:08 +0100"
    },
    "done": false
  },
  "sf4:age1/water": {
    "criteria": {
      "Completed Root": "2021-03-21 22:50:08 +0100"
    },
    "done": false
  },
  "sf4:age1/acorn/dirt_cooked": {
    "criteria": {
      "Completed Root": "2021-03-21 22:50:08 +0100"
    },
    "done": false
  },
  "sf4:age1/watersource": {
    "criteria": {
      "Completed SkyFactory 4§r": "2021-03-21 22:50:08 +0100",
      "Completed Root": "2021-03-21 22:50:08 +0100"
    },
    "done": false
  },
  "sf4:age1/twerk": {
    "criteria": {
      "Completed Root": "2021-03-21 22:50:08 +0100",
      "Obtain 8 Oak Logs": "2021-03-21 22:59:38 +0100"
    },
    "done": false
  },
  "sf4:age1/cauldron": {
    "criteria": {
      "Completed Root": "2021-03-21 22:50:08 +0100"
    },
    "done": false
  },
  "sf4:age1/cobblestone_generator": {
    "criteria": {
      "Completed Root": "2021-03-21 22:50:08 +0100"
    },
    "done": false
  },
  "sf4:age1/sapling/gravel": {
    "criteria": {
      "Completed Root": "2021-03-21 22:50:08 +0100"
    },
    "done": false
  },
  "sf4:age_power/complete": {
    "criteria": {
      "Completed Age of Power§r": "2021-03-21 22:50:08 +0100"
    },
    "done": false
  },
  "sf4:age1/crushing_tub": {
    "criteria": {
      "Completed Root": "2021-03-21 22:50:08 +0100"
    },
    "done": false
  },
  "sf4:age1/prestige_notify": {
    "criteria": {
      "Completed Root": "2021-03-21 22:50:08 +0100"
    },
    "done": false
  },
  "tutorial:tutorial/petrifiedacorn": {
    "criteria": {
      "Obtain Oak Wood Planks": "2021-03-21 22:52:09 +0100"
    },
    "done": false
  },
  "sf4:age1/clay_bucket": {
    "criteria": {
      "Completed Root": "2021-03-21 22:50:08 +0100"
    },
    "done": false
  },
  "sf4:age_farming/complete": {
    "criteria": {
      "Completed Age of Farming§r": "2021-03-21 22:50:08 +0100"
    },
    "done": false
  },
  "sf4:age1/lava": {
    "criteria": {
      "Completed Root": "2021-03-21 22:50:08 +0100"
    },
    "done": false
  },
  "sf4:age1/amber/iron": {
    "criteria": {
      "Completed Root": "2021-03-21 22:50:08 +0100"
    },
    "done": false
  },
  "sf4:age1/root": {
    "criteria": {
      "non_tutorial_start": "2021-03-21 22:50:08 +0100"
    },
    "done": true
  },
  "sf4:age1/sapling/donut": {
    "criteria": {
      "Completed Root": "2021-03-21 22:50:08 +0100"
    },
    "done": false
  },
  "sf4:age1/sapling/silver": {
    "criteria": {
      "Completed Root": "2021-03-21 22:50:08 +0100"
    },
    "done": false
  },
  "sf4:age_power/completenoprestige": {
    "criteria": {
      "Prestige Mode Disabled": "2021-03-21 22:50:08 +0100",
      "Completed Age of Power§r": "2021-03-21 22:50:08 +0100"
    },
    "done": false
  },
  "sf4:age1/sapling/clay": {
    "criteria": {
      "Completed Root": "2021-03-21 22:50:08 +0100",
      "Obtain a Clay Sapling": "2021-03-21 23:09:29 +0100"
    },
    "done": true
  },
  "sf4:age1/cobblestone": {
    "criteria": {
      "Completed Root": "2021-03-21 22:50:08 +0100"
    },
    "done": false
  },
  "sf4:age1/sapling/gold": {
    "criteria": {
      "Completed Root": "2021-03-21 22:50:08 +0100"
    },
    "done": false
  },
  "sf4:age1/drying_rack": {
    "criteria": {
      "Completed Root": "2021-03-21 22:50:08 +0100",
      "Obtain Drying Rack": "2021-03-21 22:54:42 +0100"
    },
    "done": true
  },
  "tutorial:tutorial/dryingrack": {
    "criteria": {
      "Obtain Oak Wood Planks": "2021-03-21 22:54:42 +0100"
    },
    "done": false
  },
  "sf4:age_allthethingsomglol/complete_no_prestige": {
    "criteria": {
      "Prestige Mode Disabled": "2021-03-21 22:50:08 +0100",
      "Completed Age of ALLTHETHINGSOMGLOL§r": "2021-03-21 22:50:08 +0100"
    },
    "done": false
  },
  "sf4:age1/sapling": {
    "criteria": {
      "Completed SkyFactory 4§r": "2021-03-21 22:50:08 +0100",
      "Has Sapling": "2021-03-21 22:52:41 +0100",
      "Completed Root": "2021-03-21 22:50:08 +0100"
    },
    "done": false
  },
  "sf4:age1/amber/tin": {
    "criteria": {
      "Completed Root": "2021-03-21 22:50:08 +0100"
    },
    "done": false
  },
  "sf4:age_farming/complete_no_prestige": {
    "criteria": {
      "Prestige Mode Disabled": "2021-03-21 22:50:08 +0100",
      "Completed Age of Farming§r": "2021-03-21 22:50:08 +0100"
    },
    "done": false
  },
  "sf4:age1/acorn/dirt": {
    "criteria": {
      "Obtain Dirt Acorn": "2021-03-21 22:51:20 +0100",
      "Completed Root": "2021-03-21 22:50:08 +0100"
    },
    "done": true
  },
  "sf4:age_allthethingsomglol/root": {
    "criteria": {
      "inventoryChange": "2021-03-21 22:50:08 +0100"
    },
    "done": true
  }
}