{"stat.mineBlock.sky_orchards.log_coal":9,"stat.pickup.minecraft.wooden_slab":17,"stat.pickup.projecte.item.pe_volcanite_amulet":1,"stat.leaveGame":14,"stat.drop.minecraft.gunpowder":40,"stat.drop.projecte.matter_block":2,"stat.drop.minecraft.redstone":11,"stat.pickup.deepmoblearning.polymer_clay":54,"stat.entityKilledBy.Human":1,"stat.mineBlock.minecraft.stained_glass":1,"stat.useItem.sky_orchards.sapling_copper":1,"stat.mineBlock.sky_orchards.log_dirt":176,"stat.drop.sky_orchards.sapling_redstone":1,"stat.pickup.sky_orchards.resin_cottonwood":26,"stat.pickup.minecraft.rotten_flesh":664,"stat.craftItem.sky_orchards.sapling_gravel":2,"stat.pickup.sky_orchards.sapling_dirt":63,"stat.mineBlock.minecraft.purpur_stairs":129,"stat.craftItem.minecraft.stone_axe":4,"stat.pickup.sky_orchards.resin_emerald":86,"stat.killEntity.Enderman":2,"stat.mineBlock.minecraft.wooden_slab":28,"stat.pickup.sky_orchards.resin_petrified":255,"stat.useItem.tconstruct.slime_sapling":1,"stat.mineBlock.minecraft.end_stone":9035,"stat.drop.minecraft.gold_ingot":11,"stat.useItem.minecraft.iron_pickaxe":64,"stat.mineBlock.deepmoblearning.simulation_chamber":3,"stat.drop.sky_orchards.sapling_iron":3,"stat.craftItem.minecraft.glass_pane":64,"stat.pickup.thermalfoundation.material":48,"stat.furnaceInteraction":123,"stat.pickup.industrialforegoing.pink_slime":59,"stat.mineBlock.sky_orchards.amber_iron":1,"stat.craftItem.industrialforegoing.dryrubber":4,"stat.killEntity.pink_slime":84,"stat.pickup.sky_orchards.acorn_coal":25,"stat.pickup.industrialforegoing.tree_fluid_extractor":5,"stat.drop.sky_orchards.acorn_dirt":13,"stat.craftItem.storagenetwork.storage_kabel":4,"stat.pickup.sky_orchards.acorn_dirt":134,"stat.pickup.inspirations.potato_seeds":3,"stat.pickup.sky_orchards.sapling_coal":7,"stat.useItem.minecraft.fence":14,"stat.mineBlock.industrialforegoing.laser_base":1,"stat.craftItem.projecte.item.pe_rm_armor_0":2,"stat.craftItem.projecte.item.pe_rm_armor_1":2,"stat.craftItem.projecte.item.pe_rm_armor_2":1,"stat.craftItem.projecte.item.pe_rm_armor_3":1,"stat.mineBlock.minecraft.fence":2,"stat.useItem.minecraft.wheat_seeds":5,"stat.craftItem.deepmoblearning.extraction_chamber":2,"stat.useItem.minecraft.dye":983,"stat.pickup.sky_orchards.sapling_copper":5,"stat.pickup.bdsandm.crate_key":1,"stat.deaths":69,"stat.craftItem.projecte.transmutation_table":64,"stat.pickup.xlfoodmod.raw_corn":16,"stat.craftItem.minecraft.iron_pickaxe":2,"stat.pickup.sky_orchards.sapling_lapis":7,"stat.drop.minecraft.torch":1,"stat.craftItem.minecraft.repeater":155,"stat.pickup.projecte.matter_block":2,"stat.mineBlock.minecraft.tallgrass":143,"stat.useItem.sky_orchards.sapling_sand":6,"stat.chestOpened":480,"stat.pickup.sky_orchards.acorn_quartz":9,"stat.pickup.thermalfoundation.wrench":3,"stat.pickup.minecraft.arrow":398,"stat.pickup.sky_orchards.resin_redstone":11,"stat.mineBlock.sky_orchards.leaves_iron":4665,"stat.drop.minecraft.banner":1,"stat.craftItem.minecraft.coal":250,"stat.useItem.xlfoodmod.raw_corn":12,"stat.useItem.sky_orchards.sapling_gravel":11,"stat.pickup.deepmoblearning.simulation_chamber":3,"stat.pickup.minecraft.carrot":177,"stat.crouchOneCm":81879,"stat.craftItem.minecraft.diamond":672,"stat.mineBlock.minecraft.chest":2,"stat.craftItem.minecraft.iron_ingot":48,"stat.pickup.rustic.grape_stem":4,"stat.mineBlock.sky_orchards.sapling_bone":2,"stat.pickup.sky_orchards.resin_lapis":34,"stat.craftItem.minecraft.hopper":2,"stat.craftingTableInteraction":8,"stat.craftItem.integrateddynamics.menril_planks":32,"stat.pickup.sky_orchards.acorn_redstone":4,"stat.mineBlock.minecraft.log2":30,"stat.useItem.minecraft.reeds":4,"stat.useItem.storagenetwork.process_kabel":7,"stat.craftItem.minecraft.wooden_sword":2,"stat.pickup.minecraft.dye":22,"stat.pickup.minecraft.planks":203,"stat.pickup.sky_orchards.resin_iron":1103,"stat.pickup.minecraft.wheat_seeds":42,"stat.craftItem.deepmoblearning.data_model_blaze":2,"stat.pickup.thermaldynamics.duct_16":1,"stat.drop.sky_orchards.acorn_iron":1,"stat.pickup.sky_orchards.acorn_iron":506,"stat.mineBlock.minecraft.dirt":21,"stat.mineBlock.sky_orchards.leaves_lapis":115,"stat.useItem.minecraft.bread":1,"stat.pickup.sky_orchards.sapling_iron":251,"stat.pickup.inspirations.carrot_seeds":9,"stat.drop.minecraft.rotten_flesh":2,"stat.useItem.minecraft.cobblestone":14,"stat.pickup.cyclicmagic.auto_packager":1,"stat.mineBlock.minecraft.double_plant":57,"stat.pickup.industrialforegoing.laser_base":1,"stat.pickup.matteroverdrive.tritanium_spine":3,"stat.drop.minecraft.glass_pane":3,"stat.pickup.cyclicmagic.auto_crafter":9,"stat.pickup.sky_orchards.resin_gravel":127,"stat.useItem.slabmachines.furnace_slab":4,"stat.mineBlock.minecraft.end_rod":4,"stat.craftItem.minecraft.gold_ingot":12,"stat.drop.minecraft.sapling":2,"stat.pickup.minecraft.tipped_arrow":1,"stat.pickup.mysticalagriculture.supremium_bow":1,"stat.pickup.minecraft.apple":7,"stat.pickup.minecraft.end_stone":694,"stat.pickup.minecraft.banner":2,"stat.pickup.minecraft.coal_block":1,"stat.craftItem.minecraft.bucket":6,"stat.craftItem.minecraft.planks":2496,"stat.craftItem.minecraft.dirt":31,"stat.mineBlock.integrateddynamics.menril_log":3,"stat.mineBlock.minecraft.log":178,"stat.pickup.minecraft.red_flower":5,"stat.mineBlock.sky_orchards.log_cottonwood":8,"stat.mineBlock.cyclicmagic.energy_pipe":12,"stat.drop.projecte.item.pe_soul_stone":1,"stat.craftItem.minecraft.cobblestone":33,"stat.cakeSlicesEaten":3,"stat.drop.sky_orchards.resin_dirt":22,"stat.mineBlock.cookingforblockheads.sink":1,"stat.useItem.minecraft.iron_axe":250,"stat.mineBlock.minecraft.cobblestone":14,"stat.pickup.minecraft.flint":31,"stat.mineBlock.minecraft.yellow_flower":18,"stat.killEntity.Human":8,"stat.drop.thermalfoundation.material":4,"stat.pickup.pickletweaks.coal_piece":9,"stat.drop.mekanism.otherdust":25,"stat.useItem.thermaldynamics.duct_16":4,"stat.mineBlock.sky_orchards.leaves_redstone":55,"stat.useItem.minecraft.stone_slab2":143,"stat.pickup.minecraft.stone_hoe":1,"stat.craftItem.minecraft.furnace":380,"stat.mineBlock.sky_orchards.leaves_emerald":442,"stat.mineBlock.minecraft.obsidian":13,"stat.mineBlock.sky_orchards.leaves_dirt":954,"stat.craftItem.sky_orchards.amber_gold":12,"stat.flyOneCm":3519887,"stat.mineBlock.sky_orchards.leaves_coal":55,"stat.craftItem.minecraft.stained_glass":32,"stat.killEntity.twilightforest.mini_ghast":3,"stat.timeSinceDeath":197729,"stat.useItem.minecraft.wooden_slab":478,"stat.drop.matteroverdrive.phaser_rifle":1,"stat.drop.minecraft.blaze_powder":2,"stat.mineBlock.industrialforegoing.pitiful_fuel_generator":1,"stat.useItem.minecraft.potato":1,"stat.craftItem.telepastries.overworld_cake":16,"stat.pickup.thermaldynamics.duct_0":40,"stat.craftItem.projecte.item.pe_philosophers_stone":2,"stat.killEntity.Creeper":15,"stat.talkedToVillager":2,"stat.pickup.minecraft.wooden_sword":1,"stat.useItem.tp.toasted_bread":1,"stat.pickup.minecraft.string":6,"stat.pickup.sky_orchards.amber_iron":1,"stat.pickup.tombstone.crafting_ingredient":12,"stat.pickup.mysticalagriculture.supremium_helmet":1,"stat.drop.minecraft.obsidian":7,"stat.useItem.sky_orchards.sapling_petrified":28,"stat.craftItem.tconstruct.tooltables":2,"stat.sprintOneCm":1720221,"stat.pickup.projecte.item.pe_matter":4,"stat.pickup.minecraft.bone_block":1,"stat.drop.minecraft.stone_hoe":1,"stat.mineBlock.sky_orchards.leaves_petrified":1520,"stat.mineBlock.sky_orchards.sapling_iron":7,"stat.pickup.sky_orchards.sapling_emerald":28,"stat.drop.minecraft.lava_bucket":1,"stat.pickup.cookingforblockheads.sink":1,"stat.pickup.minecraft.sugar":2,"stat.useItem.minecraft.wooden_sword":75,"stat.drop.tombstone.grave_key":2,"stat.pickup.morebuckets.insanium_bucket":1,"stat.craftItem.deepmoblearning.machine_casing":4,"stat.craftItem.deepmoblearning.data_model_blank":16,"stat.killEntity.Zombie":6,"stat.craftItem.minecraft.dye":1143,"stat.useItem.animalcrops.seeds":30,"stat.craftItem.industrialforegoing.laser_base":2,"stat.diveOneCm":13223,"stat.pickup.minecraft.wheat":25,"stat.drop.deepmoblearning.data_model_ghast":1,"stat.pickup.minecraft.stone_axe":3,"stat.mineBlock.tconstruct.slime_leaves":83,"stat.pickup.deepmoblearning.extraction_chamber":4,"stat.craftItem.deepmoblearning.deep_learner":4,"stat.pickup.storagenetwork.kabel":7,"stat.craftItem.sky_orchards.sapling_coal":1,"stat.pickup.mysticalagriculture.supremium_sword":1,"stat.pickup.sky_orchards.resin_clay":52,"stat.useItem.minecraft.rotten_flesh":3,"stat.craftItem.minecraft.diamond_sword":2,"stat.jump":4221,"stat.pickup.minecraft.coal":1,"stat.drop.minecraft.wooden_sword":1,"stat.pickup.minecraft.gunpowder":703,"stat.pickup.mysticalagriculture.supremium_chestplate":1,"stat.mineBlock.sky_orchards.log_sand":57,"stat.craftItem.minecraft.torch":12,"stat.pickup.minecraft.dirt":36,"stat.mineBlock.minecraft.purpur_block":1938,"stat.pickup.sky_orchards.resin_bone":62,"stat.drop.tconstruct.clear_glass":3,"stat.useItem.minecraft.sapling":29,"stat.drop.sky_orchards.acorn_bone":16,"stat.mineBlock.sky_orchards.log_emerald":55,"stat.damageTaken":22543,"stat.entityKilledBy.pink_slime":1,"stat.mineBlock.minecraft.torch":2,"stat.mineBlock.minecraft.red_flower":5,"stat.mineBlock.industrialforegoing.latex_processing_unit":2,"stat.mineBlock.minecraft.sapling":4,"stat.drop.sky_orchards.sapling_gravel":1,"stat.pickup.minecraft.log2":30,"stat.craftItem.minecraft.comparator":4,"stat.craftItem.minecraft.glowstone":8,"stat.useItem.sky_orchards.amber_iron":1,"stat.useItem.integrateddynamics.menril_log":5,"stat.pickup.minecraft.potato":2,"stat.killEntity.Shulker":13,"stat.pickup.sky_orchards.sapling_clay":24,"stat.pickup.statues.blockplayerstatue":5,"stat.killEntity.bouncy_creepers.bouncy_creeper":34,"stat.useItem.storagenetwork.storage_kabel":9,"stat.pickup.minecraft.shulker_shell":7,"stat.craftItem.minecraft.stone_slab":102,"stat.useItem.minecraft.chest":2,"stat.drop.minecraft.wheat":10,"stat.pickup.minecraft.diamond_pickaxe":1,"stat.pickup.sky_orchards.sapling_bone":11,"stat.useItem.mysticalagradditions.supremium_paxel":12490,"stat.useItem.mysticalagriculture.supremium_sword":68,"stat.drop.projecte.item.pe_volcanite_amulet":1,"stat.pickup.tconstruct.clear_glass":3,"stat.useItem.cyclicmagic.heart_food":1,"stat.pickup.minecraft.ender_pearl":1,"stat.drop.minecraft.wooden_slab":2,"stat.useItem.cyclicmagic.item_pipe":4,"stat.craftItem.minecraft.stained_glass_pane":64,"stat.drop.sky_orchards.resin_netherrack":4,"stat.mineBlock.minecraft.purpur_slab":17,"stat.mobKills":284,"stat.pickup.minecraft.diamond_boots":2,"stat.pickup.minecraft.diamond":21,"stat.pickup.minecraft.beetroot_seeds":27,"stat.pickup.deepmoblearning.deep_learner":1,"stat.pickup.minecraft.torch":4,"stat.drop.minecraft.stone_axe":4,"stat.mineBlock.sky_orchards.log_petrified":196,"stat.useItem.cyclicmagic.energy_pipe":15,"stat.pickup.mysticalagriculture.supremium_leggings":1,"stat.pickup.cyclicmagic.energy_pipe":12,"stat.pickup.xlfoodmod.coffee":1,"stat.craftItem.minecraft.iron_axe":2,"stat.mineBlock.cyclicmagic.item_pipe":4,"stat.craftItem.teslacorelib.machine_case":11,"stat.useItem.minecraft.planks":23,"stat.pickup.matteroverdrive.phaser_rifle":4,"stat.drop.sky_orchards.sapling_copper":4,"stat.pickup.minecraft.porkchop":1,"stat.pickup.minecraft.blaze_powder":2,"stat.pickup.minecraft.glass":30,"stat.mineBlock.sky_orchards.sapling_emerald":1,"stat.craftItem.horsepower.hand_grindstone":2,"stat.useItem.sky_orchards.sapling_iron":137,"stat.useItem.minecraft.water_bucket":5,"stat.drop.sky_orchards.sapling_petrified":2,"stat.useItem.inspirations.carrot_seeds":3,"stat.craftItem.tconstruct.casting":2,"stat.craftItem.industrialforegoing.pitiful_fuel_generator":1,"stat.useItem.minecraft.ender_pearl":6,"stat.drop.xlfoodmod.corn_seeds":2,"stat.craftItem.deepmoblearning.soot_covered_plate":56,"stat.pickup.storagenetwork.request":1,"stat.craftItem.minecraft.wooden_hoe":2,"stat.hopperInspected":3,"stat.pickup.tconstruct.slime_sapling":4,"stat.drop.minecraft.diamond":1,"stat.pickup.darkutils.shulker_pearl":12,"stat.mineBlock.cyclicmagic.auto_packager":1,"stat.pickup.mekanismgenerators.generator":5,"stat.pickup.minecraft.ghast_tear":3,"stat.pickup.xlfoodmod.lettuce_seeds":3,"stat.drop.matteroverdrive.rogue_android_part":1,"stat.craftItem.thermalfoundation.material":26,"stat.craftItem.projecte.item.pe_dm_armor_3":1,"stat.craftItem.projecte.item.pe_dm_armor_2":1,"stat.pickup.projecte.item.pe_philosophers_stone":1,"stat.pickup.deepmoblearning.data_model_zombie":1,"stat.useItem.minecraft.redstone":9,"stat.craftItem.projecte.item.pe_dm_armor_1":2,"stat.craftItem.projecte.item.pe_dm_armor_0":2,"stat.craftItem.industrialforegoing.laser_lens":6,"stat.mineBlock.minecraft.end_bricks":397,"stat.useItem.telepastries.overworld_cake":2,"stat.useItem.thermaldynamics.duct_0":40,"stat.pickup.projecte.item.pe_evertide_amulet":1,"stat.pickup.minecraft.end_rod":4,"stat.pickup.minecraft.skull":6,"stat.craftItem.minecraft.ghast_tear":48,"stat.craftItem.minecraft.netherrack":12,"stat.killEntity.Horse":1,"stat.mineBlock.storagenetwork.kabel":8,"stat.pickup.deepmoblearning.soot_covered_redstone":221,"stat.pickup.projecte.item.pe_soul_stone":1,"stat.drop.minecraft.wooden_hoe":1,"stat.craftItem.minecraft.sand":42,"stat.craftItem.minecraft.fence_gate":1,"stat.pickup.minecraft.pumpkin_seeds":3,"stat.drop.sky_orchards.sapling_sand":1,"stat.useItem.storagenetwork.kabel":9,"stat.playOneMinute":929882,"stat.craftItem.minecraft.diamond_block":648,"stat.pickup.mekanism.otherdust":2,"stat.pickup.animalcrops.seeds":6,"stat.drop.statues.blockplayerstatue":5,"stat.pickup.tconstruct.casting":1,"stat.pickup.tp.toasted_bread":1,"stat.craftItem.storagenetwork.kabel":72,"stat.pickup.sky_orchards.acorn_petrified":227,"stat.pickup.sky_orchards.resin_sand":93,"stat.pickup.projecte.item.pe_fuel":3,"stat.fallOneCm":6178737,"stat.drop.bdsandm.crate_key":1,"stat.drop.minecraft.dye":11,"stat.pickup.minecraft.melon_seeds":4,"stat.craftItem.minecraft.chest":13,"stat.mineBlock.sky_orchards.leaves_sand":490,"stat.pickup.sky_orchards.sapling_sand":35,"stat.craftItem.tconstruct.materials":20,"stat.pickup.storagenetwork.master":2,"stat.pickup.minecraft.iron_leggings":1,"stat.pickup.storagenetwork.process_kabel":15,"stat.craftItem.projecte.matter_block":1,"stat.mineBlock.minecraft.gravel":8,"stat.mineBlock.sky_orchards.sapling_petrified":3,"stat.useItem.minecraft.stone_pickaxe":22,"stat.mineBlock.sky_orchards.log_bone":38,"stat.pickup.industrialforegoing.pitiful_fuel_generator":1,"stat.drop.sky_orchards.acorn_sand":7,"stat.useItem.minecraft.bone_block":1,"stat.useItem.minecraft.torch":13,"stat.craftItem.minecraft.redstone_block":15,"stat.useItem.minecraft.log":4,"stat.pickup.minecraft.crafting_table":2,"stat.craftItem.minecraft.crafting_table":11,"stat.mineBlock.storagenetwork.master":1,"stat.pickup.minecraft.log":1852,"stat.craftItem.deepmoblearning.data_model_zombie":2,"stat.pickup.matteroverdrive.rogue_android_part":17,"stat.pickup.sky_orchards.acorn_sand":66,"stat.pickup.minecraft.sapling":106,"stat.pickup.minecraft.beetroot":21,"stat.mineBlock.storagenetwork.controller":2,"stat.killEntity.rogue_android":5,"stat.killEntity.WitherSkeleton":17,"stat.drop.deepmoblearning.pristine_matter_zombie":1,"stat.craftItem.thermaldynamics.duct_0":96,"stat.mineBlock.sky_orchards.log_clay":37,"stat.useItem.minecraft.stone_hoe":2,"stat.craftItem.minecraft.flower_pot":8,"stat.drop.sky_orchards.acorn_gold":15,"stat.pickup.sky_orchards.acorn_lapis":24,"stat.craftItem.minecraft.sugar":24,"stat.useItem.minecraft.beetroot_seeds":1,"stat.sneakTime":37937,"stat.craftItem.deepmoblearning.data_model_ghast":1,"stat.pickup.minecraft.yellow_flower":38,"stat.useItem.sky_orchards.sapling_dirt":34,"stat.pickup.minecraft.chest":2,"stat.mineBlock.integrateddynamics.menril_log_filled":1,"stat.pickup.minecraft.bone":426,"stat.horseOneCm":14096,"stat.mineBlock.sky_orchards.leaves_gravel":616,"stat.pickup.sky_orchards.resin_dirt":321,"stat.useItem.minecraft.diamond_sword":264,"stat.craftItem.sky_orchards.amber_iron":179,"stat.pickup.deepmoblearning.data_model_ghast":1,"stat.swimOneCm":4991,"stat.useItem.sky_orchards.sapling_lapis":1,"stat.climbOneCm":2473,"stat.enderchestOpened":1,"stat.ae2.ItemsExtracted":320,"stat.useItem.sky_orchards.sapling_bone":6,"stat.useItem.minecraft.dirt":72,"stat.drop.minecraft.quartz":8,"stat.entityKilledBy.ranged_rogue_android":1,"stat.pickup.minecraft.purpur_block":351,"stat.drop.minecraft.brick":2,"stat.craftItem.minecraft.bone_block":97,"stat.drop.projecte.item.pe_evertide_amulet":1,"stat.craftItem.industrialforegoing.crop_sower":2,"stat.craftItem.minecraft.stone_pickaxe":2,"stat.drop.sky_orchards.resin_petrified":1,"stat.pickup.minecraft.cobblestone":14,"stat.mineBlock.industrialforegoing.tree_fluid_extractor":4,"stat.pickup.sky_orchards.resin_coal":6,"stat.craftItem.minecraft.wooden_slab":708,"stat.useItem.minecraft.cooked_beef":30,"stat.pickup.minecraft.cactus":5,"stat.pickup.industrialforegoing.latex_processing_unit":2,"stat.pickup.sky_orchards.sapling_petrified":87,"stat.pickup.minecraft.redstone":25,"stat.mineBlock.cyclicmagic.auto_crafter":9,"stat.mineBlock.sky_orchards.leaves_cottonwood":69,"stat.killEntity.ranged_rogue_android":3,"stat.mineBlock.sky_orchards.sapling_sand":1,"stat.mineBlock.mekanismgenerators.generator":4,"stat.craftItem.minecraft.cake":1,"stat.mineBlock.deepmoblearning.extraction_chamber":4,"stat.mineBlock.minecraft.coal_block":1,"stat.useItem.mysticalagriculture.supremium_bow":45,"stat.pickup.tconstruct.soil":29,"stat.craftItem.industrialforegoing.latex_processing_unit":2,"stat.useItem.sky_orchards.sapling_clay":3,"stat.drop.minecraft.beetroot_seeds":1,"stat.mineBlock.storagenetwork.storage_kabel":8,"stat.useItem.xlfoodmod.coffee":1,"stat.craftItem.tconstruct.soil":20,"stat.drop.projecte.item.pe_fuel":3,"stat.useItem.minecraft.purpur_pillar":1,"stat.craftItem.minecraft.brick_block":6,"stat.pickup.xlfoodmod.corn_seeds":16,"stat.drop.projecte.item.pe_matter":22,"stat.mineBlock.sky_orchards.leaves_clay":327,"stat.mineBlock.storagenetwork.process_kabel":15,"stat.craftItem.minecraft.stone_slab2":0,"stat.pickup.sky_orchards.sapling_cottonwood":2,"stat.craftItem.minecraft.stick":140,"stat.drop.thermalfoundation.wrench":1,"stat.craftItem.deepmoblearning.living_matter_hellish":45,"stat.craftItem.minecraft.stone":93,"stat.useItem.sky_orchards.sapling_emerald":9,"stat.craftItem.minecraft.gold_nugget":9,"stat.pickup.integrateddynamics.menril_log":189,"stat.useItem.minecraft.diamond_pickaxe":119,"stat.craftItem.deepmoblearning.simulation_chamber":2,"stat.useItem.minecraft.carrot":1,"stat.craftItem.animalcrops.seeds":43,"stat.craftItem.minecraft.clay_ball":212,"stat.drop.deepmoblearning.data_model_zombie":1,"stat.craftItem.industrialforegoing.tree_fluid_extractor":1,"stat.mineBlock.minecraft.planks":10,"stat.drop":312,"stat.craftItem.projecte.item.pe_transmutation_tablet":2,"stat.useItem.minecraft.melon_seeds":2,"stat.drop.minecraft.bread":2,"stat.craftItem.minecraft.clay":18,"stat.pickup.storagenetwork.controller":2,"stat.pickup.integrateddynamics.crystalized_menril_chunk":1,"stat.craftItem.deepmoblearning.data_model_shulker":1,"stat.pickup.minecraft.purpur_pillar":501,"stat.pickup.sky_orchards.acorn_cottonwood":12,"stat.craftItem.minecraft.piston":6,"stat.useItem.thermalfoundation.wrench":47,"stat.mineBlock.sky_orchards.leaves_bone":219,"stat.pickup.minecraft.gravel":6,"stat.pickup.minecraft.purpur_stairs":140,"stat.craftItem.minecraft.brick_stairs":4,"stat.pickup.minecraft.brick":2,"stat.mineBlock.minecraft.purpur_pillar":803,"stat.pickup.minecraft.fence":21,"stat.useItem.minecraft.wooden_hoe":1,"stat.pickup.minecraft.iron_helmet":2,"stat.pickup.sky_orchards.sapling_redstone":3,"stat.craftItem.bonsaitrees.bonsaipot":4,"stat.useItem.minecraft.stone_axe":131,"stat.craftItem.minecraft.bread":6,"stat.drop.minecraft.glass":12,"stat.pickup.tconstruct.slime_congealed":8,"stat.pickup.inspirations.sugar_cane_seeds":2,"stat.drop.sky_orchards.resin_bone":4,"stat.mineBlock.minecraft.leaves2":247,"stat.mineBlock.sky_orchards.log_lapis":11,"stat.pickup.minecraft.leather":2,"stat.craftItem.industrialforegoing.plastic":2,"stat.pickup.mysticalagriculture.crafting":4,"stat.pickup.minecraft.reeds":11,"stat.pickup.industrialforegoing.tinydryrubber":9,"stat.mineBlock.sky_orchards.log_redstone":6,"stat.pickup.storagenetwork.storage_kabel":9,"stat.pickup.tconstruct.materials":13,"stat.craftItem.deepmoblearning.polymer_clay":320,"stat.damageDealt":20194,"stat.craftItem.minecraft.glass":38,"stat.sleepInBed":4,"stat.mineBlock.sky_orchards.log_iron":696,"stat.pickup.minecraft.end_bricks":262,"stat.useItem.minecraft.crafting_table":1,"stat.craftItem.minecraft.gravel":18,"stat.killEntity.Pig":2,"stat.pickup.sky_orchards.acorn_bone":30,"stat.walkOneCm":1778864,"stat.pickup.minecraft.stick":25,"stat.pickup.mysticalagradditions.supremium_paxel":1,"stat.pickup.sky_orchards.acorn_clay":50,"stat.pickup.minecraft.purpur_slab":16,"stat.mineBlock.thermaldynamics.duct_0":40,"stat.pickup.sky_orchards.acorn_emerald":41,"stat.mineBlock.sky_orchards.log_gravel":77,"stat.useItem.projecte.transmutation_table":1,"stat.pickup.sky_orchards.acorn_gravel":66,"stat.craftItem.mekanismgenerators.generator":1,"stat.pickup.industrialforegoing.laser_lens":1,"stat.craftItem.minecraft.redstone":1654,"stat.pickup.sky_orchards.sapling_gravel":43,"stat.useItem.minecraft.cactus":3,"stat.pickup.minecraft.gold_ingot":10,"stat.pickup.thermaldynamics.servo":2,"stat.mineBlock.thermalfoundation.ore_fluid":156,"stat.killEntity.Skeleton":6,"stat.craftItem.cyclicmagic.energy_pipe":8,"stat.drop.minecraft.crafting_table":1,"stat.pickup.cyclicmagic.item_pipe":4,"stat.drop.morebuckets.insanium_bucket":1,"stat.pickup.minecraft.quartz":1,"stat.craftItem.minecraft.fence":24,"stat.mineBlock.minecraft.leaves":1656,"stat.craftItem.slabmachines.furnace_slab":8,"stat.pickup.mysticalagriculture.supremium_boots":1,"stat.craftItem.minecraft.coal_block":1,"stat.mineBlock.minecraft.bone_block":1,"stat.craftItem.minecraft.brick":33}