{
  "sf4:age1/sapling/cottonwood": {
    "criteria": {
      "Completed Root": "2021-03-22 17:54:19 +0100",
      "Obtain Cottonwood Sapling": "2021-03-22 20:21:43 +0100"
    },
    "done": true
  },
  "tutorial:tutorial/oakplanks": {
    "criteria": {
      "Obtain Oak Wood Planks": "2021-03-22 18:07:13 +0100"
    },
    "done": false
  },
  "tutorial:tutorial/copied/greenslimydirt": {
    "criteria": {
      "Obtain Green Slime Dirt": "2021-03-22 21:50:15 +0100"
    },
    "done": false
  },
  "sf4:age1/complete": {
    "criteria": {
      "Completed OinkTree§r": "2021-03-23 23:19:53 +0100",
      "Completed Tin Man§r": "2021-03-22 20:56:26 +0100",
      "Completed Silver Spoon§r": "2021-03-22 22:09:07 +0100",
      "Completed Air Fryer§r": "2021-03-22 18:08:37 +0100",
      "Completed That\u0027s Dir-tree§r": "2021-03-22 18:10:46 +0100",
      "Completed You Cotton Be Kidding Me§r": "2021-03-22 20:21:43 +0100",
      "Completed Sticky Keys§r": "2021-03-22 18:18:16 +0100",
      "Completed Stone Crook§r": "2021-03-23 23:16:30 +0100",
      "Completed Silver Surfer§r": "2021-03-22 22:05:25 +0100",
      "Completed Water You Waiting For?§r": "2021-03-22 18:44:16 +0100",
      "Completed Break a Leg§r": "2021-03-22 18:23:55 +0100",
      "Completed This Tree is Forever§r": "2021-03-22 22:17:52 +0100",
      "Completed Blue Man Group§r": "2021-03-22 18:55:51 +0100",
      "Completed I Love Lucy§r": "2021-03-23 23:15:28 +0100",
      "Completed Hotbois§r": "2021-03-22 23:15:15 +0100",
      "Completed Palm Trees§r": "2021-03-22 18:23:18 +0100",
      "Completed Root": "2021-03-22 17:54:19 +0100",
      "Completed It\u0027s Tin This Pack§r": "2021-03-22 20:57:25 +0100",
      "Completed Nap Time§r": "2021-03-23 19:53:29 +0100",
      "Completed D\u0027OH!§r": "2021-03-23 23:23:53 +0100",
      "Completed Trees to Diamonds§r": "2021-03-22 23:53:19 +0100",
      "Completed Captain Hook§r": "2021-03-23 19:16:56 +0100",
      "Completed Cobble Cobble§r": "2021-03-23 00:00:32 +0100",
      "Completed Not a Helmet§r": "2021-03-22 23:15:09 +0100",
      "Completed Study in the Dark Arts§r": "2021-03-22 23:35:12 +0100",
      "Completed It\u0027s Electric§r": "2021-03-22 20:27:37 +0100",
      "Completed Dirty Dancing§r": "2021-03-22 18:10:30 +0100",
      "Completed Amber is the Color of my Dinosaur§r": "2021-03-22 18:31:58 +0100",
      "Completed SkyFactory 4§r": "2021-03-22 17:54:19 +0100",
      "Completed Don\u0027t Sieve on Me§r": "2021-03-22 18:17:35 +0100",
      "Completed Hog Tied§r": "2021-03-23 23:17:27 +0100",
      "Completed Lead Zeppelin§r": "2021-03-22 20:34:42 +0100",
      "Completed Lead it Go§r": "2021-03-22 20:33:34 +0100",
      "Completed Bubble, Bubble§r": "2021-03-22 18:29:40 +0100",
      "Completed One Shiny Boi§r": "2021-03-22 20:39:41 +0100",
      "Completed Money Grows on Trees§r": "2021-03-22 20:41:19 +0100",
      "Completed Slop in the Bucket§r": "2021-03-22 18:42:26 +0100",
      "Completed You Cotton Something?§r": "2021-03-22 20:23:58 +0100",
      "Completed On the Rocks§r": "2021-03-22 18:24:36 +0100",
      "Completed Starting from the Bottom§r": "2021-03-22 18:03:19 +0100",
      "Completed COALateral Damage§r": "2021-03-22 18:52:02 +0100",
      "Completed Oh, the Irony§r": "2021-03-22 18:36:52 +0100",
      "Completed Ironwood§r": "2021-03-22 20:08:06 +0100",
      "Completed Hardwood§r": "2021-03-22 18:15:18 +0100",
      "Completed Sixteen Tons§r": "2021-03-22 18:30:30 +0100",
      "Completed Eating Dirt§r": "2021-03-22 22:49:30 +0100",
      "Completed Stop Slabbing Yourself§r": "2021-03-22 18:27:35 +0100",
      "Completed Clay Aiken§r": "2021-03-22 18:26:20 +0100",
      "Completed I\u0027ve Been Slimed§r": "2021-03-22 21:50:15 +0100",
      "Completed I Don\u0027t Know§r": "2021-03-22 21:49:45 +0100"
    },
    "done": false
  },
  "sf4:age1/sapling/bacon": {
    "criteria": {
      "Completed Root": "2021-03-22 17:54:19 +0100",
      "Obtain Bacon Sapling": "2021-03-23 23:19:53 +0100"
    },
    "done": true
  },
  "sf4:age1/nonpacifist": {
    "criteria": {
      "superflat2": "2021-03-22 17:54:19 +0100",
      "superflat32": "2021-03-22 17:54:19 +0100",
      "Completed Root": "2021-03-22 17:54:19 +0100"
    },
    "done": true
  },
  "sf4:age_exploration/cobaltore": {
    "criteria": {
      "Obtain Cobalt Ore": "2021-03-25 01:52:48 +0100"
    },
    "done": true
  },
  "sf4:age1/sapling/slime": {
    "criteria": {
      "Completed Root": "2021-03-22 17:54:19 +0100",
      "Obtain Blue Slime Sapling": "2021-03-22 21:49:45 +0100"
    },
    "done": true
  },
  "sf4:age1/string": {
    "criteria": {
      "Completed Root": "2021-03-22 17:54:19 +0100",
      "Obtain Cottonwood Sapling": "2021-03-22 20:21:43 +0100",
      "Obtain String": "2021-03-22 20:23:58 +0100"
    },
    "done": true
  },
  "sf4:age_storage/logicpress": {
    "criteria": {
      "Obtain Logic Press": "2021-03-24 19:02:51 +0100"
    },
    "done": true
  },
  "sf4:age_power/upgradeablegenerators": {
    "criteria": {
      "Obtain Simple Upgradable Combustion Generator": "2021-03-24 23:49:41 +0100"
    },
    "done": true
  },
  "compactmachines:test/7x7x7": {
    "criteria": {
      "Obtain Netherrack": "2021-03-22 23:20:39 +0100"
    },
    "done": false
  },
  "sf4:age_enhancement/stenciltable": {
    "criteria": {
      "Obtain Tinkers\u0027 Stencil Table": "2021-03-24 18:42:44 +0100"
    },
    "done": true
  },
  "sf4:age_storage/complete_no_prestige": {
    "criteria": {
      "Completed Control Yourself§r": "2021-03-24 18:00:27 +0100",
      "Completed Accepting Your True Power§r": "2021-03-24 19:15:02 +0100",
      "Completed Java Overflow§r": "2021-03-24 23:14:23 +0100",
      "Prestige Mode Disabled": "2021-03-22 17:54:19 +0100",
      "Completed Under Pressure§r": "2021-03-25 18:48:21 +0100",
      "Completed Silicon Valley§r": "2021-03-24 19:03:26 +0100",
      "Completed Breaking Bad§r": "2021-03-24 18:34:51 +0100",
      "Completed That is Illogical§r": "2021-03-24 19:02:51 +0100",
      "Completed Pocket Book§r": "2021-03-25 19:08:08 +0100",
      "Completed Wares the Remote?§r": "2021-03-23 11:24:23 +0100",
      "Completed Neeeeeeeeerrrrrrrd!§r": "2021-03-25 18:55:40 +0100",
      "Completed Void Ze Stuff§r": "2021-03-24 23:11:18 +0100",
      "Completed Bay Bay You Can Drive My Car§r": "2021-03-25 19:07:39 +0100",
      "Completed CAT 5§r": "2021-03-23 18:54:00 +0100",
      "Completed Drumtendo 64§r": "2021-03-23 18:58:56 +0100",
      "Completed Master Blaster§r": "2021-03-25 21:00:11 +0100",
      "Completed Live Long and Processor§r": "2021-03-24 19:24:38 +0100",
      "Completed I WANT IT NOW!§r": "2021-03-25 21:00:08 +0100",
      "Completed Wood You Hand Me That Crate Please?§r": "2021-03-23 11:43:59 +0100",
      "Completed 256 Liters of Cola§r": "2021-03-24 23:07:52 +0100",
      "Completed Age of Storage§r": "2021-03-22 17:54:19 +0100",
      "Completed Windows ME§r": "2021-03-24 20:03:02 +0100",
      "Completed Metallicrate§r": "2021-03-23 11:51:35 +0100",
      "Completed Hop to It§r": "2021-03-22 18:37:06 +0100"
    },
    "done": false
  },
  "sf4:age_storage/bdsandmupgrade1": {
    "criteria": {
      "Obtain x64 Storage Upgrade": "2021-03-23 18:58:56 +0100"
    },
    "done": true
  },
  "sf4:age1/sapling/petrified": {
    "criteria": {
      "Completed Root": "2021-03-22 17:54:19 +0100",
      "Obtain Petrified Sapling": "2021-03-22 18:15:18 +0100"
    },
    "done": true
  },
  "sf4:age1/sapling/redstone": {
    "criteria": {
      "Completed Root": "2021-03-22 17:54:19 +0100",
      "Obtain Redstone Sapling": "2021-03-22 20:27:37 +0100"
    },
    "done": true
  },
  "sf4:age_storage/bdsandmupgrade3": {
    "criteria": {
      "Obtain x1k Storage Upgrade": "2021-03-24 23:14:23 +0100"
    },
    "done": true
  },
  "sf4:age_storage/bdsandmupgrade2": {
    "criteria": {
      "Obtain x256 Storage Upgrade": "2021-03-24 23:07:52 +0100"
    },
    "done": true
  },
  "compactmachines:test/3x3x3": {
    "criteria": {
      "Obtain Grass Block": "2021-03-22 18:46:56 +0100"
    },
    "done": false
  },
  "sf4:age_storage/bdsandmupgrade6": {
    "criteria": {
      "Obtain Void Overflow Storage Upgrade": "2021-03-24 23:11:18 +0100"
    },
    "done": true
  },
  "sf4:age1/sapling/tin": {
    "criteria": {
      "Completed Root": "2021-03-22 17:54:19 +0100",
      "Obtain Tin Sapling": "2021-03-22 20:57:25 +0100"
    },
    "done": true
  },
  "sf4:age1/wooden_crook": {
    "criteria": {
      "Completed Root": "2021-03-22 17:54:19 +0100",
      "Obtain Wooden Crook": "2021-03-23 19:16:56 +0100"
    },
    "done": true
  },
  "tutorial:tutorial/copied/sandsapling": {
    "criteria": {
      "Obtain Sand Sapling": "2021-03-22 18:23:18 +0100"
    },
    "done": false
  },
  "sf4:age_power/energizedsmelter": {
    "criteria": {
      "Obtain Energized Smelter": "2021-03-23 21:18:41 +0100"
    },
    "done": true
  },
  "sf4:age_farming/bonsai": {
    "criteria": {
      "Obtain Bonsai Pot": "2021-03-22 18:38:34 +0100"
    },
    "done": true
  },
  "sf4:age_storage/bdsandmmetalcrate": {
    "criteria": {
      "Obtain Metal Crate": "2021-03-23 11:51:35 +0100"
    },
    "done": true
  },
  "pacifist:pacifist_run/root": {
    "criteria": {
      "hasRock": "2021-03-22 17:54:19 +0100"
    },
    "done": false
  },
  "sf4:age_farming/sprinkler": {
    "criteria": {
      "Obtain Sprinkler": "2021-03-25 19:47:51 +0100"
    },
    "done": true
  },
  "sf4:age_storage/complete": {
    "criteria": {
      "Completed Control Yourself§r": "2021-03-24 18:00:27 +0100",
      "Completed Accepting Your True Power§r": "2021-03-24 19:15:02 +0100",
      "Completed Java Overflow§r": "2021-03-24 23:14:23 +0100",
      "Completed Under Pressure§r": "2021-03-25 18:48:21 +0100",
      "Completed Silicon Valley§r": "2021-03-24 19:03:26 +0100",
      "Completed Breaking Bad§r": "2021-03-24 18:34:51 +0100",
      "Completed That is Illogical§r": "2021-03-24 19:02:51 +0100",
      "Completed Pocket Book§r": "2021-03-25 19:08:08 +0100",
      "Completed Wares the Remote?§r": "2021-03-23 11:24:23 +0100",
      "Completed Neeeeeeeeerrrrrrrd!§r": "2021-03-25 18:55:40 +0100",
      "Completed Void Ze Stuff§r": "2021-03-24 23:11:18 +0100",
      "Completed Bay Bay You Can Drive My Car§r": "2021-03-25 19:07:39 +0100",
      "Completed CAT 5§r": "2021-03-23 18:54:00 +0100",
      "Completed Drumtendo 64§r": "2021-03-23 18:58:56 +0100",
      "Completed Master Blaster§r": "2021-03-25 21:00:11 +0100",
      "Completed Live Long and Processor§r": "2021-03-24 19:24:38 +0100",
      "Completed I WANT IT NOW!§r": "2021-03-25 21:00:08 +0100",
      "Completed Wood You Hand Me That Crate Please?§r": "2021-03-23 11:43:59 +0100",
      "Completed 256 Liters of Cola§r": "2021-03-24 23:07:52 +0100",
      "Completed Age of Storage§r": "2021-03-22 17:54:19 +0100",
      "Completed Windows ME§r": "2021-03-24 20:03:02 +0100",
      "Completed Metallicrate§r": "2021-03-23 11:51:35 +0100",
      "Completed Hop to It§r": "2021-03-22 18:37:06 +0100"
    },
    "done": false
  },
  "tutorial:tutorial/craftingstation": {
    "criteria": {
      "Obtain a Crafting Station": "2021-03-22 18:10:05 +0100"
    },
    "done": false
  },
  "tutorial:tutorial/copied/slimesapling": {
    "criteria": {
      "Obtain Blue Slime Sapling": "2021-03-22 21:49:45 +0100"
    },
    "done": false
  },
  "sf4:age1/slabs": {
    "criteria": {
      "Completed Root": "2021-03-22 17:54:19 +0100",
      "Obtain Furnace Slab": "2021-03-22 18:27:35 +0100"
    },
    "done": true
  },
  "sf4:age_farming/wheatseeds": {
    "criteria": {
      "Obtain Wheat Seeds": "2021-03-22 20:23:43 +0100"
    },
    "done": true
  },
  "sf4:age_farming/wateringcan": {
    "criteria": {
      "Obtain Watering Can": "2021-03-24 22:01:41 +0100"
    },
    "done": true
  },
  "tutorial:tutorial/copied/gold": {
    "criteria": {
      "Obtain Gold Amber": "2021-03-22 20:39:41 +0100"
    },
    "done": false
  },
  "sf4:age_power/autopackager": {
    "criteria": {
      "Obtain Auto Packager": "2021-03-24 18:08:04 +0100"
    },
    "done": true
  },
  "sf4:age1/lavasource": {
    "criteria": {
      "Completed SkyFactory 4§r": "2021-03-22 17:54:19 +0100",
      "Completed Root": "2021-03-22 17:54:19 +0100"
    },
    "done": false
  },
  "tutorial:tutorial/copied/petrifiedsapling": {
    "criteria": {
      "Obtain Petrified Sapling": "2021-03-22 18:15:18 +0100"
    },
    "done": false
  },
  "sf4:age_storage/bdsandmwoodencrate": {
    "criteria": {
      "Obtain Wood Crate": "2021-03-23 11:43:59 +0100"
    },
    "done": true
  },
  "tutorial:tutorial/copied/resourcehogs": {
    "criteria": {
      "Obtain Cobblestone Mud": "2021-03-23 23:17:27 +0100"
    },
    "done": false
  },
  "sf4:age_exploration/nether": {
    "criteria": {
      "Entered Nether": "2021-03-25 01:48:06 +0100"
    },
    "done": true
  },
  "sf4:age_storage/energyacceptor": {
    "criteria": {
      "Obtain Energy Acceptor": "2021-03-24 19:15:02 +0100"
    },
    "done": true
  },
  "sf4:age_enhancement/craftingupgrade": {
    "criteria": {
      "Eat Cyclic Crafting Upgrade": "2021-03-27 23:03:37 +0100"
    },
    "done": true
  },
  "hardcore:hardcore/forgivingvoid": {
    "criteria": {
      "Completed Age of Exploration§r": "2021-03-22 17:54:19 +0100"
    },
    "done": false
  },
  "sf4:age_storage/simplestoragerequest": {
    "criteria": {
      "Obtain Request Block": "2021-03-25 21:00:08 +0100"
    },
    "done": true
  },
  "sf4:age_enhancement/completenoprestige": {
    "criteria": {
      "Completed Paxel Rose§r": "2021-03-27 22:56:51 +0100",
      "Prestige Mode Disabled": "2021-03-22 17:54:19 +0100",
      "Completed Gotta Go Fast§r": "2021-03-24 19:18:11 +0100",
      "Completed Tim the Tool Man Taylor§r": "2021-03-24 18:47:40 +0100",
      "Completed Pattern Me, Sir§r": "2021-03-24 18:42:52 +0100",
      "Completed Forging Ahead§r": "2021-03-24 18:43:14 +0100",
      "Completed Hot Pockets§r": "2021-03-25 21:34:37 +0100",
      "Completed Keep It Between the Lines§r": "2021-03-24 18:42:44 +0100",
      "Completed Rolling into the Station§r": "2021-03-24 18:43:10 +0100",
      "Completed It\u0027s Over 20!§r": "2021-03-25 20:55:22 +0100",
      "Completed Age of Enhancement§r": "2021-03-22 17:54:19 +0100",
      "Completed Edible Arrangements§r": "2021-03-27 23:03:37 +0100",
      "Completed Ore\u0027nt You Glad I Didn\u0027t Say Banana§r": "2021-03-23 00:54:03 +0100"
    },
    "done": false
  },
  "tutorial:tutorial/copied/goldsapling": {
    "criteria": {
      "Obtain Gold Sapling": "2021-03-22 20:41:19 +0100"
    },
    "done": false
  },
  "tutorial:tutorial/copied/watercollection": {
    "criteria": {
      "Right Click Cauldron with Water Inside": "2021-03-22 18:44:30 +0100",
      "Right Click Boiling Cauldron with Water Inside": "2021-03-22 19:41:15 +0100"
    },
    "done": false
  },
  "sf4:age1/completenoprestige": {
    "criteria": {
      "Completed OinkTree§r": "2021-03-23 23:19:53 +0100",
      "Completed Tin Man§r": "2021-03-22 20:56:26 +0100",
      "Completed Silver Spoon§r": "2021-03-22 22:09:07 +0100",
      "Completed Air Fryer§r": "2021-03-22 18:08:37 +0100",
      "Prestige Mode Disabled": "2021-03-22 17:54:19 +0100",
      "Completed That\u0027s Dir-tree§r": "2021-03-22 18:10:46 +0100",
      "Completed You Cotton Be Kidding Me§r": "2021-03-22 20:21:43 +0100",
      "Completed Sticky Keys§r": "2021-03-22 18:18:16 +0100",
      "Completed Stone Crook§r": "2021-03-23 23:16:30 +0100",
      "Completed Silver Surfer§r": "2021-03-22 22:05:25 +0100",
      "Completed Water You Waiting For?§r": "2021-03-22 18:44:16 +0100",
      "Completed Break a Leg§r": "2021-03-22 18:23:55 +0100",
      "Completed This Tree is Forever§r": "2021-03-22 22:17:52 +0100",
      "Completed Blue Man Group§r": "2021-03-22 18:55:51 +0100",
      "Completed I Love Lucy§r": "2021-03-23 23:15:28 +0100",
      "Completed Hotbois§r": "2021-03-22 23:15:15 +0100",
      "Completed Palm Trees§r": "2021-03-22 18:23:18 +0100",
      "Completed Root": "2021-03-22 17:54:19 +0100",
      "Completed It\u0027s Tin This Pack§r": "2021-03-22 20:57:25 +0100",
      "Completed Nap Time§r": "2021-03-23 19:53:29 +0100",
      "Completed D\u0027OH!§r": "2021-03-23 23:23:53 +0100",
      "Completed Trees to Diamonds§r": "2021-03-22 23:53:19 +0100",
      "Completed Captain Hook§r": "2021-03-23 19:16:56 +0100",
      "Completed Cobble Cobble§r": "2021-03-23 00:00:32 +0100",
      "Completed Not a Helmet§r": "2021-03-22 23:15:09 +0100",
      "Completed Study in the Dark Arts§r": "2021-03-22 23:35:12 +0100",
      "Completed It\u0027s Electric§r": "2021-03-22 20:27:37 +0100",
      "Completed Dirty Dancing§r": "2021-03-22 18:10:30 +0100",
      "Completed Amber is the Color of my Dinosaur§r": "2021-03-22 18:31:58 +0100",
      "Completed SkyFactory 4§r": "2021-03-22 17:54:19 +0100",
      "Completed Don\u0027t Sieve on Me§r": "2021-03-22 18:17:35 +0100",
      "Completed Hog Tied§r": "2021-03-23 23:17:27 +0100",
      "Completed Lead Zeppelin§r": "2021-03-22 20:34:42 +0100",
      "Completed Lead it Go§r": "2021-03-22 20:33:34 +0100",
      "Completed Bubble, Bubble§r": "2021-03-22 18:29:40 +0100",
      "Completed One Shiny Boi§r": "2021-03-22 20:39:41 +0100",
      "Completed Money Grows on Trees§r": "2021-03-22 20:41:19 +0100",
      "Completed Slop in the Bucket§r": "2021-03-22 18:42:26 +0100",
      "Completed You Cotton Something?§r": "2021-03-22 20:23:58 +0100",
      "Completed On the Rocks§r": "2021-03-22 18:24:36 +0100",
      "Completed Starting from the Bottom§r": "2021-03-22 18:03:19 +0100",
      "Completed COALateral Damage§r": "2021-03-22 18:52:02 +0100",
      "Completed Oh, the Irony§r": "2021-03-22 18:36:52 +0100",
      "Completed Ironwood§r": "2021-03-22 20:08:06 +0100",
      "Completed Hardwood§r": "2021-03-22 18:15:18 +0100",
      "Completed Sixteen Tons§r": "2021-03-22 18:30:30 +0100",
      "Completed Eating Dirt§r": "2021-03-22 22:49:30 +0100",
      "Completed Stop Slabbing Yourself§r": "2021-03-22 18:27:35 +0100",
      "Completed Clay Aiken§r": "2021-03-22 18:26:20 +0100",
      "Completed I\u0027ve Been Slimed§r": "2021-03-22 21:50:15 +0100",
      "Completed I Don\u0027t Know§r": "2021-03-22 21:49:45 +0100"
    },
    "done": true
  },
  "prestige:prestige/energy_cube": {
    "criteria": {
      "Acquire Advanced Energy Cube": "2021-03-23 21:53:13 +0100"
    },
    "done": true
  },
  "sf4:age_farming/root": {
    "criteria": {
      "inventoryChange": "2021-03-22 17:54:19 +0100"
    },
    "done": true
  },
  "sf4:age_exploration/completenoprestige": {
    "criteria": {
      "Completed Age of Exploration§r": "2021-03-22 17:54:19 +0100",
      "Completed Nether Here Nor There§r": "2021-03-25 01:48:06 +0100",
      "Completed No Cake Like Home§r": "2021-03-25 01:48:06 +0100",
      "Prestige Mode Disabled": "2021-03-22 17:54:19 +0100",
      "Completed You\u0027re Boron Me§r": "2021-03-24 21:42:37 +0100",
      "Completed Smells Like Nirvana§r": "2021-03-24 21:53:16 +0100",
      "Completed Uranium Fever§r": "2021-03-26 13:46:43 +0100"
    },
    "done": false
  },
  "sf4:age_power/root": {
    "criteria": {
      "inventoryChange": "2021-03-22 17:54:19 +0100"
    },
    "done": true
  },
  "tutorial:tutorial/copied/slabs": {
    "criteria": {
      "Obtain Furnace Slab": "2021-03-22 18:27:35 +0100"
    },
    "done": false
  },
  "tutorial:tutorial/copied/claysapling": {
    "criteria": {
      "Obtain a Clay Sapling": "2021-03-22 18:26:20 +0100"
    },
    "done": false
  },
  "tutorial:tutorial/copied/obsidian": {
    "criteria": {
      "Obtain Obsidian": "2021-03-22 23:35:12 +0100"
    },
    "done": false
  },
  "sf4:age_enhancement/patternchest": {
    "criteria": {
      "Obtain Pattern Chest": "2021-03-24 18:42:52 +0100"
    },
    "done": true
  },
  "sf4:age1/sleep": {
    "criteria": {
      "Completed Root": "2021-03-22 17:54:19 +0100",
      "Right Click on Bed": "2021-03-23 19:53:29 +0100"
    },
    "done": true
  },
  "sf4:age1/sapling/lead": {
    "criteria": {
      "Completed Root": "2021-03-22 17:54:19 +0100",
      "Obtain Lead Sapling": "2021-03-22 20:34:42 +0100"
    },
    "done": true
  },
  "sf4:age1/sapling/diamond": {
    "criteria": {
      "Completed Root": "2021-03-22 17:54:19 +0100",
      "Obtain Diamond Sapling": "2021-03-22 22:17:52 +0100"
    },
    "done": true
  },
  "sf4:age_storage/siliconpress": {
    "criteria": {
      "Obtain Silicon Press": "2021-03-24 19:03:26 +0100"
    },
    "done": true
  },
  "sf4:age1/watersource": {
    "criteria": {
      "Completed SkyFactory 4§r": "2021-03-22 17:54:19 +0100",
      "Completed Root": "2021-03-22 17:54:19 +0100"
    },
    "done": false
  },
  "sf4:age_exploration/boronore": {
    "criteria": {
      "Obtain Boron Ore": "2021-03-24 21:42:37 +0100"
    },
    "done": true
  },
  "sf4:age_farming/animalseeds": {
    "criteria": {
      "Cow Seed": "2021-03-22 21:32:45 +0100",
      "Horse Seed": "2021-03-23 00:21:05 +0100",
      "Villager Seed": "2021-03-22 22:58:16 +0100"
    },
    "done": false
  },
  "compactmachines:test/7x7x72": {
    "criteria": {
      "Obtain Eye of Ender": "2021-03-23 11:34:54 +0100"
    },
    "done": false
  },
  "sf4:age1/cauldron": {
    "criteria": {
      "Completed Root": "2021-03-22 17:54:19 +0100",
      "Obtain a Cauldron": "2021-03-22 18:29:40 +0100"
    },
    "done": true
  },
  "sf4:age1/cobblestone_generator": {
    "criteria": {
      "Completed Root": "2021-03-22 17:54:19 +0100",
      "Open Chest Filled with Cobblestone": "2021-03-23 00:00:32 +0100"
    },
    "done": true
  },
  "tutorial:tutorial/copied/cobblestone": {
    "criteria": {
      "Obtain Cobblestone Block": "2021-03-22 18:24:36 +0100"
    },
    "done": false
  },
  "sf4:age_enhancement/partbuilder": {
    "criteria": {
      "Obtain Tinkers\u0027 Part Builder": "2021-03-24 18:47:40 +0100"
    },
    "done": true
  },
  "sf4:age_storage/1kstoragecell": {
    "criteria": {
      "Obtain 1K Storage Cell": "2021-03-25 19:08:08 +0100"
    },
    "done": true
  },
  "sf4:age1/sapling/gravel": {
    "criteria": {
      "Completed Root": "2021-03-22 17:54:19 +0100",
      "Obtain Gravel Sapling": "2021-03-22 18:17:35 +0100"
    },
    "done": true
  },
  "sf4:age1/crushing_tub": {
    "criteria": {
      "Obtain Crushing Tub": "2021-03-23 23:15:28 +0100",
      "Completed Root": "2021-03-22 17:54:19 +0100"
    },
    "done": true
  },
  "sf4:age1/prestige_notify": {
    "criteria": {
      "Completed Root": "2021-03-22 17:54:19 +0100"
    },
    "done": false
  },
  "tutorial:tutorial/petrifiedacorn": {
    "criteria": {
      "Obtain Oak Wood Planks": "2021-03-22 18:14:00 +0100"
    },
    "done": false
  },
  "sf4:age1/lava": {
    "criteria": {
      "Completed Root": "2021-03-22 17:54:19 +0100",
      "Obtain Lava Iron Bucket": "2021-03-22 23:15:15 +0100"
    },
    "done": true
  },
  "pacifist:pacifist_run/lose": {
    "criteria": {
      "killed poor innocent creature": "2021-03-22 18:50:25 +0100"
    },
    "done": false
  },
  "sf4:age1/root": {
    "criteria": {
      "non_tutorial_start": "2021-03-22 17:54:19 +0100"
    },
    "done": true
  },
  "tutorial:tutorial/woodencrook": {
    "criteria": {
      "Obtain a Wooden Crook": "2021-03-23 19:16:56 +0100"
    },
    "done": false
  },
  "sf4:age1/sapling/donut": {
    "criteria": {
      "Completed Root": "2021-03-22 17:54:19 +0100",
      "Obtain Donut Sapling": "2021-03-23 23:23:53 +0100"
    },
    "done": true
  },
  "tutorial:tutorial/copied/ironsapling": {
    "criteria": {
      "Obtain Iron Sapling": "2021-03-22 20:08:06 +0100"
    },
    "done": false
  },
  "sf4:age1/sapling/silver": {
    "criteria": {
      "Completed Root": "2021-03-22 17:54:19 +0100",
      "Obtain Silver Sapling": "2021-03-22 22:09:07 +0100"
    },
    "done": true
  },
  "sf4:age_power/completenoprestige": {
    "criteria": {
      "Prestige Mode Disabled": "2021-03-22 17:54:19 +0100",
      "Completed Generator, I Hardly Know Her§r": "2021-03-24 23:40:38 +0100",
      "Completed Package Control§r": "2021-03-24 18:08:04 +0100",
      "Completed Gotta Smelt Fast§r": "2021-03-23 21:18:41 +0100",
      "Completed Need iiii Speed§r": "2021-03-24 23:50:16 +0100",
      "Completed Age of Power§r": "2021-03-22 17:54:19 +0100",
      "Completed I\u0027ll Dehydrate You§r": "2021-03-25 21:34:06 +0100",
      "Completed Level Up!§r": "2021-03-24 23:49:41 +0100",
      "Completed Config-a-ma-whatzit§r": "2021-03-23 21:43:04 +0100"
    },
    "done": false
  },
  "sf4:age1/sapling/clay": {
    "criteria": {
      "Completed Root": "2021-03-22 17:54:19 +0100",
      "Obtain a Clay Sapling": "2021-03-22 18:26:20 +0100"
    },
    "done": true
  },
  "sf4:age1/cobblestone": {
    "criteria": {
      "Completed Root": "2021-03-22 17:54:19 +0100",
      "Obtain Cobblestone Block": "2021-03-22 18:24:36 +0100"
    },
    "done": true
  },
  "sf4:age1/sapling/gold": {
    "criteria": {
      "Completed Root": "2021-03-22 17:54:19 +0100",
      "Obtain Gold Sapling": "2021-03-22 20:41:19 +0100"
    },
    "done": true
  },
  "sf4:age_farming/hoppingbonsai": {
    "criteria": {
      "Obtain Bonsai Pot": "2021-03-22 18:38:37 +0100"
    },
    "done": true
  },
  "sf4:age_storage/calculationpress": {
    "criteria": {
      "Obtain Calculation Press": "2021-03-25 18:55:40 +0100"
    },
    "done": true
  },
  "sf4:age_farming/sugarcaneseed": {
    "criteria": {
      "Obtain Sugar Cane Seeds": "2021-03-22 18:43:14 +0100"
    },
    "done": true
  },
  "tutorial:tutorial/dryingrack": {
    "criteria": {
      "Obtain Oak Wood Planks": "2021-03-22 18:08:37 +0100"
    },
    "done": false
  },
  "sf4:age1/amber/tin": {
    "criteria": {
      "Completed Root": "2021-03-22 17:54:19 +0100",
      "Obtain Tin Amber": "2021-03-22 20:56:26 +0100"
    },
    "done": true
  },
  "sf4:age1/acorn/dirt": {
    "criteria": {
      "Obtain Dirt Acorn": "2021-03-22 18:03:19 +0100",
      "Completed Root": "2021-03-22 17:54:19 +0100"
    },
    "done": true
  },
  "twilightforest:alt/compat/tconstruct": {
    "criteria": {
      "cast": "2021-03-22 22:10:04 +0100"
    },
    "done": true
  },
  "sf4:age_allthethingsomglol/complete": {
    "criteria": {
      "Completed Age of ALLTHETHINGSOMGLOL§r": "2021-03-22 17:54:19 +0100"
    },
    "done": false
  },
  "tutorial:tutorial/oakwood": {
    "criteria": {
      "Obtain Oak Wood": "2021-03-22 18:07:10 +0100"
    },
    "done": false
  },
  "sf4:age_enhancement/root": {
    "criteria": {
      "inventoryChange": "2021-03-22 17:54:19 +0100"
    },
    "done": true
  },
  "compactmachines:test/9x9x92": {
    "criteria": {
      "Obtain Chorus Fruit": "2021-03-23 19:21:16 +0100"
    },
    "done": false
  },
  "sf4:age_exploration/overworldcake": {
    "criteria": {
      "Obtain Overworld Cake": "2021-03-25 01:48:06 +0100"
    },
    "done": true
  },
  "sf4:age_storage/simplestorageremote": {
    "criteria": {
      "Obtain Storage Network Remote": "2021-03-23 11:24:23 +0100"
    },
    "done": true
  },
  "sf4:age_exploration/complete": {
    "criteria": {
      "Completed Age of Exploration§r": "2021-03-22 17:54:19 +0100",
      "Completed Nether Here Nor There§r": "2021-03-25 01:48:06 +0100",
      "Completed No Cake Like Home§r": "2021-03-25 01:48:06 +0100",
      "Completed You\u0027re Boron Me§r": "2021-03-24 21:42:37 +0100",
      "Completed Smells Like Nirvana§r": "2021-03-24 21:53:16 +0100",
      "Completed Uranium Fever§r": "2021-03-26 13:46:43 +0100"
    },
    "done": false
  },
  "sf4:age1/sapling/dirt": {
    "criteria": {
      "Obtain Dirt Sapling": "2021-03-22 18:10:46 +0100",
      "Completed Root": "2021-03-22 17:54:19 +0100"
    },
    "done": true
  },
  "sf4:age_power/dehydrator": {
    "criteria": {
      "Obtain Dehydrator": "2021-03-25 21:34:06 +0100"
    },
    "done": true
  },
  "sf4:age1/resourcehogs": {
    "criteria": {
      "Completed Root": "2021-03-22 17:54:19 +0100",
      "Obtain Cobblestone Mud": "2021-03-23 23:17:27 +0100"
    },
    "done": true
  },
  "sf4:age1/iron_ingot": {
    "criteria": {
      "Completed Root": "2021-03-22 17:54:19 +0100",
      "Obtain Iron Ingot": "2021-03-22 18:36:52 +0100"
    },
    "done": true
  },
  "sf4:age1/green_slimy_dirt": {
    "criteria": {
      "Completed Root": "2021-03-22 17:54:19 +0100",
      "Obtain Green Slime Dirt": "2021-03-22 21:50:15 +0100"
    },
    "done": true
  },
  "sf4:age_storage/hopper": {
    "criteria": {
      "Obtain Hopper": "2021-03-22 18:37:06 +0100"
    },
    "done": true
  },
  "sf4:age_enhancement/tank": {
    "criteria": {
      "Obtain Tank": "2021-03-23 00:54:03 +0100"
    },
    "done": true
  },
  "sf4:age1/iron_bucket": {
    "criteria": {
      "Completed Root": "2021-03-22 17:54:19 +0100",
      "Obtain Iron Bucket": "2021-03-22 23:15:09 +0100"
    },
    "done": true
  },
  "tutorial:tutorial/copied/gravelsapling": {
    "criteria": {
      "Obtain Gravel Sapling": "2021-03-22 18:17:35 +0100"
    },
    "done": false
  },
  "sf4:age1/amber/silver": {
    "criteria": {
      "Completed Root": "2021-03-22 17:54:19 +0100",
      "Obtain Silver Amber": "2021-03-22 22:05:25 +0100"
    },
    "done": true
  },
  "sf4:age_enhancement/toolstation": {
    "criteria": {
      "Obtain Tool Station": "2021-03-24 18:43:10 +0100"
    },
    "done": true
  },
  "sf4:age1/amber/lead": {
    "criteria": {
      "Completed Root": "2021-03-22 17:54:19 +0100",
      "Obtain Lead Amber": "2021-03-22 20:33:34 +0100"
    },
    "done": true
  },
  "sf4:age_storage/engineeringpress": {
    "criteria": {
      "Obtain Engineering Press": "2021-03-25 18:48:21 +0100"
    },
    "done": true
  },
  "sf4:age_farming/brownmulch": {
    "criteria": {
      "Obtain Brown Mulch": "2021-03-22 21:36:04 +0100"
    },
    "done": true
  },
  "sf4:age_storage/logicprocessor": {
    "criteria": {
      "Obtain Logic Processor": "2021-03-24 19:24:38 +0100"
    },
    "done": true
  },
  "tutorial:tutorial/placedirtsapling": {
    "criteria": {
      "Placed Dirt Sapling": "2021-03-22 18:11:02 +0100"
    },
    "done": false
  },
  "tutorial:tutorial/copied/sleep": {
    "criteria": {
      "Slept in a bed": "2021-03-23 19:53:29 +0100"
    },
    "done": false
  },
  "sf4:age1/amber/gold": {
    "criteria": {
      "Completed Root": "2021-03-22 17:54:19 +0100",
      "Obtain Gold Amber": "2021-03-22 20:39:41 +0100"
    },
    "done": true
  },
  "tutorial:tutorial/dirtsapling": {
    "criteria": {
      "Obtain a Dirt Sapling": "2021-03-22 18:10:46 +0100"
    },
    "done": false
  },
  "tutorial:tutorial/copied/cauldron": {
    "criteria": {
      "Obtain a Cauldron": "2021-03-22 18:29:40 +0100"
    },
    "done": false
  },
  "sf4:age_storage/simplestoragecontroller": {
    "criteria": {
      "Obtain Processing Controller": "2021-03-24 18:00:27 +0100"
    },
    "done": true
  },
  "sf4:age_farming/skyorchards": {
    "criteria": {
      "Obtain Dirt Sapling": "2021-03-22 18:10:46 +0100",
      "Obtain Osmium Sapling": "2021-03-23 01:14:58 +0100",
      "Obtain Lead Sapling": "2021-03-22 20:34:42 +0100",
      "Obtain Silver Sapling": "2021-03-22 22:09:07 +0100",
      "Obtain Coal Sapling": "2021-03-22 18:30:30 +0100",
      "Obtain Netherrack Sapling": "2021-03-22 23:21:17 +0100",
      "Obtain Diamond Sapling": "2021-03-22 22:17:52 +0100",
      "Obtain Copper Sapling": "2021-03-22 22:37:21 +0100",
      "Obtain Cottonwood Sapling": "2021-03-22 20:21:43 +0100",
      "Obtain Lapis Sapling": "2021-03-22 18:55:51 +0100",
      "Obtain Bacon Sapling": "2021-03-23 23:19:53 +0100",
      "Obtain Glowstone Sapling": "2021-03-23 19:25:58 +0100",
      "Obtain Donut Sapling": "2021-03-23 23:23:53 +0100",
      "Obtain Emerald Sapling": "2021-03-23 01:05:57 +0100",
      "Obtain Petrified Sapling": "2021-03-22 18:15:18 +0100",
      "Obtain Tin Sapling": "2021-03-22 20:57:25 +0100",
      "Obtain Nickel Sapling": "2021-03-22 22:40:31 +0100",
      "Obtain Iron Sapling": "2021-03-22 20:08:06 +0100",
      "Obtain Sand Sapling": "2021-03-22 18:23:18 +0100",
      "Obtain Gold Sapling": "2021-03-22 20:41:19 +0100",
      "Obtain Redstone Sapling": "2021-03-22 20:27:37 +0100",
      "Obtain Clay Sapling": "2021-03-22 18:26:20 +0100",
      "Obtain Gravel Sapling": "2021-03-22 18:17:35 +0100",
      "Obtain Bone Sapling": "2021-03-22 18:23:55 +0100",
      "Obtain Quartz Sapling": "2021-03-23 01:12:00 +0100"
    },
    "done": false
  },
  "sf4:age_exploration/skygriddragonkill": {
    "criteria": {
      "Completed Age of Exploration§r": "2021-03-22 17:54:19 +0100"
    },
    "done": false
  },
  "tutorial:tutorial/copied/water": {
    "criteria": {
      "Obtain Water in an Iron Bucket": "2021-03-22 23:35:08 +0100",
      "Obtain Water in a Clay Bucket": "2021-03-22 18:44:16 +0100"
    },
    "done": false
  },
  "tutorial:tutorial/copied/crushingtub": {
    "criteria": {
      "Obtain Crushing Tub": "2021-03-23 23:15:28 +0100"
    },
    "done": false
  },
  "sf4:age1/sapling/lapis": {
    "criteria": {
      "Completed Root": "2021-03-22 17:54:19 +0100",
      "Obtain Lapis Sapling": "2021-03-22 18:55:51 +0100"
    },
    "done": true
  },
  "sf4:age1/coal": {
    "criteria": {
      "Completed Root": "2021-03-22 17:54:19 +0100",
      "Obtain Coal": "2021-03-22 18:52:02 +0100"
    },
    "done": true
  },
  "tutorial:tutorial/copied/iron": {
    "criteria": {
      "Obtain Iron Amber": "2021-03-22 18:31:58 +0100"
    },
    "done": false
  },
  "sf4:age_exploration/root": {
    "criteria": {
      "inventoryChange": "2021-03-22 17:54:19 +0100"
    },
    "done": true
  },
  "sf4:age_enhancement/speedupgrade": {
    "criteria": {
      "Obtain Mekanism Speed Upgrade": "2021-03-24 19:18:11 +0100"
    },
    "done": true
  },
  "tutorial:tutorial/copied/coalsapling": {
    "criteria": {
      "Obtain Coal Sapling": "2021-03-22 18:30:30 +0100"
    },
    "done": false
  },
  "sf4:age_storage/root": {
    "criteria": {
      "inventoryChange": "2021-03-22 17:54:19 +0100"
    },
    "done": true
  },
  "sf4:age1/diamond": {
    "criteria": {
      "Obtain Diamond": "2021-03-22 23:53:19 +0100",
      "Completed Root": "2021-03-22 17:54:19 +0100"
    },
    "done": true
  },
  "sf4:age1/obsidian": {
    "criteria": {
      "Completed Root": "2021-03-22 17:54:19 +0100",
      "Obtain Obsidian": "2021-03-22 23:35:12 +0100"
    },
    "done": true
  },
  "tutorial:tutorial/copied/lava": {
    "criteria": {
      "Obtain Lava Iron Bucket": "2021-03-22 23:15:15 +0100"
    },
    "done": false
  },
  "sf4:age1/sapling/sand": {
    "criteria": {
      "Completed Root": "2021-03-22 17:54:19 +0100",
      "Obtain Sand Sapling": "2021-03-22 18:23:18 +0100"
    },
    "done": true
  },
  "sf4:age_storage/simplestoragecable": {
    "criteria": {
      "Obtain Network Cable": "2021-03-23 18:54:00 +0100"
    },
    "done": true
  },
  "sf4:age1/dirt": {
    "criteria": {
      "Completed Root": "2021-03-22 17:54:19 +0100",
      "Craft Dirt Block": "2021-03-22 18:10:30 +0100"
    },
    "done": true
  },
  "sf4:age1/sapling/coal": {
    "criteria": {
      "Completed Root": "2021-03-22 17:54:19 +0100",
      "Obtain Coal Sapling": "2021-03-22 18:30:30 +0100"
    },
    "done": true
  },
  "sf4:age_enhancement/complete": {
    "criteria": {
      "Completed Paxel Rose§r": "2021-03-27 22:56:51 +0100",
      "Completed Gotta Go Fast§r": "2021-03-24 19:18:11 +0100",
      "Completed Tim the Tool Man Taylor§r": "2021-03-24 18:47:40 +0100",
      "Completed Pattern Me, Sir§r": "2021-03-24 18:42:52 +0100",
      "Completed Forging Ahead§r": "2021-03-24 18:43:14 +0100",
      "Completed Hot Pockets§r": "2021-03-25 21:34:37 +0100",
      "Completed Keep It Between the Lines§r": "2021-03-24 18:42:44 +0100",
      "Completed Rolling into the Station§r": "2021-03-24 18:43:10 +0100",
      "Completed It\u0027s Over 20!§r": "2021-03-25 20:55:22 +0100",
      "Completed Age of Enhancement§r": "2021-03-22 17:54:19 +0100",
      "Completed Edible Arrangements§r": "2021-03-27 23:03:37 +0100",
      "Completed Ore\u0027nt You Glad I Didn\u0027t Say Banana§r": "2021-03-23 00:54:03 +0100"
    },
    "done": false
  },
  "sf4:age_exploration/lithiumore": {
    "criteria": {
      "Obtain Lithium Ore": "2021-03-24 21:53:16 +0100"
    },
    "done": true
  },
  "sf4:age_enhancement/20damage": {
    "criteria": {
      "Deal 20 or More Damage": "2021-03-25 20:55:22 +0100"
    },
    "done": true
  },
  "tutorial:tutorial/copied/claybucket": {
    "criteria": {
      "Obtain Unfired Clay Bucket": "2021-03-22 18:42:26 +0100",
      "Obtain Clay Bucket": "2021-03-22 18:43:55 +0100"
    },
    "done": false
  },
  "sf4:age_power/simplegenerator": {
    "criteria": {
      "Obtain Simple Combustion Generator": "2021-03-24 23:40:38 +0100"
    },
    "done": true
  },
  "sf4:age1/sapling/iron": {
    "criteria": {
      "Completed Root": "2021-03-22 17:54:19 +0100",
      "Obtain Iron Sapling": "2021-03-22 20:08:06 +0100"
    },
    "done": true
  },
  "sf4:age1/stone_crook": {
    "criteria": {
      "Completed Root": "2021-03-22 17:54:19 +0100",
      "Obtain Stone Crook": "2021-03-23 23:16:30 +0100"
    },
    "done": true
  },
  "sf4:age_enhancement/paxel": {
    "criteria": {
      "Obtain Mystical Agradditions Supremium Paxel": "2021-03-27 22:56:51 +0100"
    },
    "done": true
  },
  "sf4:age1/sapling/bone": {
    "criteria": {
      "Completed Root": "2021-03-22 17:54:19 +0100",
      "Obtain Bone Sapling": "2021-03-22 18:23:55 +0100"
    },
    "done": true
  },
  "pacifist:pacifist_run/peaceful": {
    "criteria": {
      "brokeLeaves": "2021-03-22 18:03:13 +0100",
      "brokeLog": "2021-03-22 18:08:30 +0100"
    },
    "done": false
  },
  "sf4:age1/water": {
    "criteria": {
      "Completed Root": "2021-03-22 17:54:19 +0100",
      "Obtain Water in a Clay Bucket": "2021-03-22 18:44:16 +0100"
    },
    "done": true
  },
  "sf4:age1/acorn/dirt_cooked": {
    "criteria": {
      "Completed Root": "2021-03-22 17:54:19 +0100",
      "Obtain Cooked Dirt Acorn": "2021-03-22 22:49:30 +0100"
    },
    "done": true
  },
  "sf4:age_storage/drivebay": {
    "criteria": {
      "Obtain Drive Bay": "2021-03-25 19:07:39 +0100"
    },
    "done": true
  },
  "sf4:age1/twerk": {
    "criteria": {
      "Completed Root": "2021-03-22 17:54:19 +0100",
      "Obtain 8 Dirt Saplings": "2021-03-22 18:18:16 +0100",
      "Obtain 8 Oak Logs": "2021-03-22 18:16:01 +0100"
    },
    "done": true
  },
  "tutorial:tutorial/copied/diamondsapling": {
    "criteria": {
      "Obtain Diamond Sapling": "2021-03-22 22:17:52 +0100"
    },
    "done": false
  },
  "sf4:age_storage/simplestoragemaster": {
    "criteria": {
      "Obtain Network Master Block": "2021-03-25 21:00:11 +0100"
    },
    "done": true
  },
  "tutorial:tutorial/copied/diamond": {
    "criteria": {
      "Obtain Diamond": "2021-03-22 23:53:19 +0100"
    },
    "done": false
  },
  "sf4:age_storage/fluixcrystal": {
    "criteria": {
      "Obtain Fluix Crystal": "2021-03-24 18:34:51 +0100"
    },
    "done": true
  },
  "tutorial:tutorial/copied/string": {
    "criteria": {
      "Obtain Cottonwood Sapling": "2021-03-22 20:21:43 +0100",
      "Obtain String": "2021-03-22 20:23:58 +0100"
    },
    "done": false
  },
  "sf4:age_power/complete": {
    "criteria": {
      "Completed Generator, I Hardly Know Her§r": "2021-03-24 23:40:38 +0100",
      "Completed Package Control§r": "2021-03-24 18:08:04 +0100",
      "Completed Gotta Smelt Fast§r": "2021-03-23 21:18:41 +0100",
      "Completed Need iiii Speed§r": "2021-03-24 23:50:16 +0100",
      "Completed Age of Power§r": "2021-03-22 17:54:19 +0100",
      "Completed I\u0027ll Dehydrate You§r": "2021-03-25 21:34:06 +0100",
      "Completed Level Up!§r": "2021-03-24 23:49:41 +0100",
      "Completed Config-a-ma-whatzit§r": "2021-03-23 21:43:04 +0100"
    },
    "done": false
  },
  "sf4:age_farming/market": {
    "criteria": {
      "Obtain Market": "2021-03-22 21:13:31 +0100"
    },
    "done": true
  },
  "hardcore:hardcore/survive": {
    "criteria": {
      "Get killed": "2021-03-22 21:56:25 +0100"
    },
    "done": false
  },
  "sf4:age_storage/meterminal": {
    "criteria": {
      "Obtain ME Terminal": "2021-03-24 20:03:02 +0100"
    },
    "done": true
  },
  "sf4:age1/clay_bucket": {
    "criteria": {
      "Obtain Unfired Clay Bucket": "2021-03-22 18:42:26 +0100",
      "Completed Root": "2021-03-22 17:54:19 +0100"
    },
    "done": true
  },
  "compactmachines:test/5x5x52": {
    "criteria": {
      "Craft Simple Culinary Generator": "2021-03-25 00:20:31 +0100",
      "Craft Simple Combustion Generator": "2021-03-24 23:40:38 +0100"
    },
    "done": false
  },
  "sf4:age_exploration/dragonkill": {
    "criteria": {
      "Enter Custom End Dimension": "2021-03-25 01:48:06 +0100"
    },
    "done": false
  },
  "sf4:age_farming/complete": {
    "criteria": {
      "Completed Bonsai!!!§r": "2021-03-22 18:38:34 +0100",
      "Completed Citizen Cane§r": "2021-03-22 18:43:14 +0100",
      "Completed Sick Sprinkler§r": "2021-03-25 19:47:51 +0100",
      "Completed Shredded Wheat§r": "2021-03-22 20:23:43 +0100",
      "Completed Age of Farming§r": "2021-03-22 17:54:19 +0100",
      "Completed Yes We Can!§r": "2021-03-24 22:01:41 +0100",
      "Completed This Little Piggy§r": "2021-03-22 21:13:31 +0100"
    },
    "done": false
  },
  "sf4:age1/amber/iron": {
    "criteria": {
      "Completed Root": "2021-03-22 17:54:19 +0100",
      "Obtain Iron Amber": "2021-03-22 18:31:58 +0100"
    },
    "done": true
  },
  "sf4:age_exploration/uraniumore": {
    "criteria": {
      "Obtain Uranium Ore": "2021-03-26 13:46:43 +0100"
    },
    "done": true
  },
  "tutorial:tutorial/copied/ironingot": {
    "criteria": {
      "Obtain Iron Ingot": "2021-03-22 18:36:52 +0100"
    },
    "done": false
  },
  "tutorial:tutorial/copied/ironbucket": {
    "criteria": {
      "Obtain Iron Bucket": "2021-03-22 23:15:09 +0100"
    },
    "done": false
  },
  "sf4:age_power/configurator": {
    "criteria": {
      "Obtain Configurator": "2021-03-23 21:43:04 +0100"
    },
    "done": true
  },
  "sf4:age1/drying_rack": {
    "criteria": {
      "Completed Root": "2021-03-22 17:54:19 +0100",
      "Obtain Drying Rack": "2021-03-22 18:08:37 +0100"
    },
    "done": true
  },
  "sf4:age_enhancement/enderpouch": {
    "criteria": {
      "Obtain Ender Pouch": "2021-03-25 21:34:37 +0100"
    },
    "done": true
  },
  "tutorial:tutorial/placeoak": {
    "criteria": {
      "Placed Oak Wood Slab": "2021-03-22 18:07:21 +0100",
      "Placed Oak Planks": "2021-03-22 18:08:50 +0100"
    },
    "done": false
  },
  "sf4:age_power/speedmodifier": {
    "criteria": {
      "Obtain Speed Modifier": "2021-03-24 23:50:16 +0100"
    },
    "done": true
  },
  "sf4:age_allthethingsomglol/complete_no_prestige": {
    "criteria": {
      "Prestige Mode Disabled": "2021-03-22 17:54:19 +0100",
      "Completed Age of ALLTHETHINGSOMGLOL§r": "2021-03-22 17:54:19 +0100"
    },
    "done": false
  },
  "sf4:age1/sapling": {
    "criteria": {
      "Completed SkyFactory 4§r": "2021-03-22 17:54:19 +0100",
      "Completed Root": "2021-03-22 17:54:19 +0100",
      "Has Sapling": "2021-03-22 18:10:46 +0100"
    },
    "done": false
  },
  "sf4:age_farming/complete_no_prestige": {
    "criteria": {
      "Completed Cowabonsai!§r": "2021-03-22 18:38:37 +0100",
      "Prestige Mode Disabled": "2021-03-22 17:54:19 +0100",
      "Completed Citizen Cane§r": "2021-03-22 18:43:14 +0100",
      "Completed Sick Sprinkler§r": "2021-03-25 19:47:51 +0100",
      "Completed Shredded Wheat§r": "2021-03-22 20:23:43 +0100",
      "Completed Yes We Can!§r": "2021-03-24 22:01:41 +0100",
      "Completed This Little Piggy§r": "2021-03-22 21:13:31 +0100",
      "Completed Bonsai!!!§r": "2021-03-22 18:38:34 +0100",
      "Completed Don\u0027t Eat the Yellow Mulch§r": "2021-03-23 19:51:37 +0100",
      "Completed TuMULCHuous§r": "2021-03-22 21:36:04 +0100",
      "Completed Age of Farming§r": "2021-03-22 17:54:19 +0100"
    },
    "done": false
  },
  "sf4:age_farming/yellowmulch": {
    "criteria": {
      "Obtain Yellow Mulch": "2021-03-23 19:51:37 +0100"
    },
    "done": true
  },
  "sf4:age_enhancement/toolforge": {
    "criteria": {
      "Obtain Tool Forge": "2021-03-24 18:43:14 +0100"
    },
    "done": true
  },
  "sf4:age_allthethingsomglol/root": {
    "criteria": {
      "inventoryChange": "2021-03-22 17:54:19 +0100"
    },
    "done": true
  }
}