{"stat.pickup.randomthings.lavacharm":1,"stat.pickup.minecraft.wooden_slab":1,"stat.pickup.exnihilocreatio.item_ore_ardite":9,"stat.leaveGame":3,"stat.useItem.minecraft.soul_sand":5,"stat.pickup.exnihilocreatio.item_ore_zinc":15,"stat.useItem.exnihilocreatio.block_netherrack_crushed":7,"stat.pickup.exnihilocreatio.item_ore_aluminum":110,"stat.pickup.minecraft.glowstone_dust":19,"stat.pickup.minecraft.blaze_powder":15,"stat.pickup.nuclearcraft.dominos":1,"stat.pickup.exnihilocreatio.block_dust":585,"stat.craftItem.exnihilocreatio.item_ore_platinum":12,"stat.pickup.minecraft.sand":1346,"stat.useItem.enderio.item_dark_steel_sword":9,"stat.pickup.minecraft.bucket":1,"stat.mineBlock.minecraft.wooden_slab":6,"stat.mineBlock.minecraft.sand":557,"stat.killEntity.Witch":1,"stat.pickup.exnihilocreatio.item_ore_copper":136,"stat.pickup.projectred-core.resource_item":33,"stat.furnaceInteraction":68,"stat.craftItem.storagedrawers.upgrade_template":4,"stat.craftItem.thermalfoundation.material":12,"stat.useItem.netherex.thornstalk":5,"stat.useItem.tp.plump_peach":1,"stat.pickup.exnihilocreatio.item_ore_iron":1320,"stat.pickup.exnihilocreatio.item_ore_osmium":99,"stat.drop.minecraft.pumpkin_seeds":5,"stat.pickup.tconstruct.smeltery_io":1,"stat.useItem.minecraft.flint_and_steel":1,"stat.useItem.betterbuilderswands.wanddiamond":102,"stat.pickup.minecraft.pumpkin_seeds":5,"stat.pickup.exnihilocreatio.item_ore_nickel":140,"stat.pickup.minecraft.emerald":6,"stat.mineBlock.minecraft.soul_sand":158,"stat.craftItem.exnihilocreatio.item_ore_lead":4,"stat.deaths":20,"stat.pickup.actuallyadditions.item_dust":44,"stat.playOneMinute":380193,"stat.drop.magneticraft.rocky_chunks":3,"stat.pickup.tconstruct.stone_torch":1,"stat.pickup.minecraft.netherrack":104,"stat.pickup.exnihilocreatio.item_ore_tungsten":62,"stat.chestOpened":392,"stat.drop.tconstruct.smeltery_io":1,"stat.mineBlock.minecraft.netherrack":1019,"stat.fallOneCm":38675,"stat.crouchOneCm":13964,"stat.mineBlock.minecraft.chest":2,"stat.craftItem.minecraft.iron_ingot":23,"stat.craftItem.minecraft.chest":9,"stat.pickup.bonsaitrees.bonsaipot":3,"stat.pickup.minecraft.dye":164,"stat.pickup.exnihilocreatio.item_ore_gold":797,"stat.pickup.exnihilocreatio.item_ore_titanium":60,"stat.mineBlock.minecraft.gravel":1115,"stat.useItem.minecraft.stone_pickaxe":135,"stat.mineBlock.minecraft.dirt":6,"stat.pickup.exnihilocreatio.item_mesh":1,"stat.craftItem.galacticraftplanets.item_basic_asteroids":14,"stat.mineBlock.exnihilocreatio.block_dust":33,"stat.useItem.minecraft.log":2,"stat.useItem.minecraft.cobblestone":1064,"stat.pickup.tp.plump_pear":2,"stat.useItem.minecraft.gravel":481,"stat.pickup.minecraft.log":76,"stat.pickup.appliedenergistics2.crank":1,"stat.drop.galacticraftplanets.item_basic_asteroids":14,"stat.craftItem.betterbuilderswands.wanddiamond":3,"stat.craftItem.minecraft.gold_ingot":14,"stat.pickup.minecraft.hopper":1,"stat.pickup.minecraft.sapling":82,"stat.pickup.minecraft.apple":9,"stat.drop.minecraft.clay":4,"stat.useItem.exnihilocreatio.hammer_diamond":3524,"stat.useItem.nuclearcraft.dominos":1,"stat.useItem.exnihilocreatio.hammer_wood":128,"stat.craftItem.minecraft.planks":224,"stat.pickup.exnihilocreatio.item_ore_mithril":91,"stat.mineBlock.minecraft.log":74,"stat.craftItem.magneticraft.ingots":14,"stat.pickup.exnihilocreatio.item_ore_cobalt":14,"stat.mineBlock.netherex.thornstalk":4,"stat.drop.nuclearcraft.dominos":2,"stat.killEntity.BabySkeleton":1,"stat.craftItem.magneticraft.crushing_table":1,"stat.sneakTime":12339,"stat.craftItem.minecraft.cobblestone":260,"stat.pickup.minecraft.chest":2,"stat.craftItem.storagedrawers.basicdrawers":8,"stat.craftItem.storagedrawers.drawer_key":1,"stat.mineBlock.minecraft.cobblestone":2100,"stat.pickup.minecraft.flint":155,"stat.drop.thermalfoundation.material":4,"stat.drop.storagedrawers.drawer_key":3,"stat.pickup.exnihilocreatio.item_ore_lead":151,"stat.craftItem.extrautils2.compressedcobblestone":16,"stat.swimOneCm":7846,"stat.pickup.enderio.item_dark_steel_sword":2,"stat.drop.minecraft.cobblestone":32,"stat.pickup.tp.plump_peach":2,"stat.craftItem.appliedenergistics2.crank":6,"stat.pickup.lootbags.itemlootbag":7,"stat.useItem.minecraft.dirt":6,"stat.useItem.minecraft.stone_slab2":74,"stat.pickup.tp.juicer":1,"stat.craftItem.minecraft.furnace":1,"stat.craftItem.exnihilocreatio.hammer_diamond":2,"stat.useItem.appliedenergistics2.crank":1,"stat.craftItem.minecraft.stone_pickaxe":2,"stat.pickup.netherendingores.ore_nether_vanilla":1,"stat.pickup.minecraft.cobblestone":11,"stat.useItem.exnihilocreatio.hammer_stone":1517,"stat.flyOneCm":55565,"stat.pickup.minecraft.clay":4,"stat.pickup.minecraft.soul_sand":161,"stat.pickup.appliedenergistics2.material":101,"stat.pickup.actuallyadditions.item_booklet":1,"stat.craftItem.minecraft.wooden_slab":78,"stat.ae2.TurnedCranks":2078,"stat.pickup.minecraft.redstone":24,"stat.timeSinceDeath":11928,"stat.pickup.exnihilocreatio.hammer_stone":3,"stat.drop.minecraft.log":1,"stat.useItem.minecraft.wooden_slab":66,"stat.craftItem.openmodularturrets.lever_block":1,"stat.pickup.exnihilocreatio.item_ore_iridium":56,"stat.pickup.botania.manaresource":1045,"stat.pickup.netherex.thornstalk":14,"stat.craftItem.exnihilocreatio.hammer_stone":9,"stat.craftItem.exnihilocreatio.item_ore_zinc":10,"stat.craftItem.minecraft.stone_slab2":0,"stat.sprintOneCm":283142,"stat.craftItem.minecraft.stick":16,"stat.pickup.exnihilocreatio.block_netherrack_crushed":945,"stat.craftItem.minecraft.gold_nugget":9,"stat.craftItem.minecraft.stone":59,"stat.useItem.lootbags.itemlootbag":6,"stat.pickup.storagedrawers.drawer_key":2,"stat.pickup.rockcandy.raw_rock_candy":124,"stat.drop.exnihilocreatio.block_dust":24,"stat.drop.tcomplement.porcelain_tank":1,"stat.craftItem.exnihilocreatio.hammer_wood":2,"stat.drop.netherendingores.ore_nether_vanilla":1,"stat.drop":104,"stat.craftItem.actuallyadditions.item_misc":296,"stat.mineBlock.bonsaitrees.bonsaipot":2,"stat.pickup.minecraft.iron_block":3,"stat.killEntity.Zombie":1,"stat.diveOneCm":508,"stat.pickup.minecraft.gravel":2266,"stat.drop.lootbags.itemlootbag":7,"stat.pickup.minecraft.obsidian":2,"stat.useItem.exnihilocreatio.block_dust":4,"stat.pickup.exnihilocreatio.item_ore_tin":118,"stat.pickup.everlastingabilities.ability_bottle":1,"stat.useItem.storagedrawers.basicdrawers":3,"stat.jump":1705,"stat.useItem.minecraft.sand":309,"stat.pickup.minecraft.coal":154,"stat.craftItem.bonsaitrees.bonsaipot":1,"stat.pickup.minecraft.gunpowder":1,"stat.pickup.minecraft.dirt":9,"stat.pickup.tcomplement.porcelain_tank":1,"stat.useItem.minecraft.sapling":13,"stat.craftItem.exnihilocreatio.item_ore_iron":325,"stat.pickup.exnihilocreatio.item_ore_platinum":120,"stat.damageTaken":4910,"stat.pickup.mysticalagriculture.crafting":53,"stat.pickup.minecraft.reeds":1,"stat.pickup.exnihilocreatio.item_ore_silver":133,"stat.drop.enderio.item_dark_steel_sword":1,"stat.damageDealt":621,"stat.drop.randomthings.lavacharm":1,"stat.craftItem.minecraft.anvil":1,"stat.craftItem.minecraft.stone_slab":12,"stat.walkOneCm":931592,"stat.useItem.minecraft.chest":3,"stat.pickup.minecraft.stick":7,"stat.pickup.openmodularturrets.lever_block":1,"stat.useItem.storagedrawers.drawer_key":16,"stat.craftItem.exnihilocreatio.item_ore_titanium":14,"stat.craftItem.exnihilocreatio.item_ore_nickel":4,"stat.mineBlock.netherex.gloomy_netherrack":346,"stat.pickup.exnihilocreatio.item_ore_yellorium":7,"stat.useItem.minecraft.netherrack":26,"stat.killEntity.Skeleton":3,"stat.craftItem.exnihilocreatio.item_ore_tin":16,"stat.useItem.betterbuilderswands.wandiron":56,"stat.mobKills":7,"stat.craftItem.exnihilocreatio.item_ore_gold":85,"stat.pickup.xreliquary.witch_hat":1,"stat.pickup.minecraft.diamond":8,"stat.mineBlock.minecraft.leaves":323,"stat.pickup.betterbuilderswands.wandiron":1,"stat.craftItem.exnihilocreatio.item_ore_silver":4,"stat.craftItem.minecraft.brick":7,"stat.mineBlock.netherendingores.ore_nether_vanilla":2}