{"stat.pickup.tconstruct.book":1,"stat.pickup.randomthings.lavacharm":1,"stat.pickup.minecraft.wooden_slab":74,"stat.mineBlock.storagedrawers.basicdrawers":1,"stat.pickup.exnihilocreatio.item_ore_ardite":8,"stat.leaveGame":10,"stat.drop.minecraft.gunpowder":1,"stat.pickup.bibliocraft.handdrill":1,"stat.drop.minecraft.redstone":1,"stat.pickup.astralsorcery.itemconstellationpaper":1,"stat.useItem.exnihilocreatio.block_waterwheel":4,"stat.pickup.exnihilocreatio.item_ore_zinc":84,"stat.useItem.minecraft.planks":32,"stat.pickup.exnihilocreatio.item_ore_aluminum":77,"stat.drop.exnihilocreatio.block_netherrack_crushed":1,"stat.pickup.minecraft.glowstone_dust":23,"stat.pickup.xreliquary.mob_ingredient":9,"stat.pickup.minecraft.blaze_powder":15,"stat.pickup.exnihilocreatio.block_dust":206,"stat.pickup.minecraft.rotten_flesh":96,"stat.pickup.abyssalcraft.shadowgem":2,"stat.craftItem.exnihilocreatio.item_ore_platinum":5,"stat.pickup.enderio.item_conduit_probe":1,"stat.pickup.minecraft.sand":282,"stat.useItem.enderio.item_dark_steel_sword":48,"stat.craftItem.minecraft.stone_axe":1,"stat.pickup.exnihilocreatio.item_pebble":29,"stat.mineBlock.minecraft.wooden_slab":12,"stat.drop.endermanevo.friender_pearl":1,"stat.craftItem.minecraft.stone_sword":1,"stat.useItem.minecraft.ender_pearl":1,"stat.mineBlock.minecraft.sand":176,"stat.killEntity.Witch":10,"stat.mineBlock.exnihilocreatio.block_waterwheel":1,"stat.pickup.exnihilocreatio.item_ore_copper":76,"stat.hopperInspected":3,"stat.pickup.tp.apple_juice":4,"stat.pickup.projectred-core.resource_item":68,"stat.pickup.tcomplement.porcelain_melter":4,"stat.useItem.endermanevo.friender_pearl":1,"stat.mineBlock.enderio.block_ender_generator":1,"stat.pickup.thermalfoundation.material":6,"stat.pickup.bhc.red_heart":13,"stat.furnaceInteraction":87,"stat.killEntity.ZombieVillager":2,"stat.craftItem.storagedrawers.upgrade_template":4,"stat.pickup.embers.archaic_brick":101,"stat.pickup.actuallyadditions.item_solidified_experience":7,"stat.drop.netherex.thornstalk":1,"stat.useItem.netherex.thornstalk":2,"stat.mineBlock.immersiveengineering.wooden_device1":3,"stat.pickup.exnihilocreatio.item_ore_iron":796,"stat.useItem.minecraft.trapdoor":67,"stat.drop.xreliquary.witch_hat":2,"stat.pickup.exnihilocreatio.item_ore_osmium":61,"stat.pickup.minecraft.skull":2,"stat.pickup.mysticalagriculture.tier1_inferium_seeds":1,"stat.drop.thermaldynamics.servo":1,"stat.pickup.tconstruct.smeltery_io":1,"stat.pickup.exnihilocreatio.item_seed_carrot":1,"stat.pickup.minecraft.pumpkin_seeds":5,"stat.pickup.exnihilocreatio.item_ore_nickel":76,"stat.craftItem.immersiveengineering.material":132,"stat.pickup.minecraft.emerald":1,"stat.mineBlock.minecraft.soul_sand":1,"stat.craftItem.exnihilocreatio.item_ore_lead":45,"stat.deaths":28,"stat.pickup.actuallyadditions.item_dust":76,"stat.playOneMinute":626847,"stat.pickup.tconstruct.stone_torch":1,"stat.useItem.immersiveengineering.wooden_device1":1,"stat.pickup.minecraft.netherrack":167,"stat.pickup.exnihilocreatio.item_ore_tungsten":18,"stat.chestOpened":809,"stat.pickup.thermalfoundation.wrench":2,"stat.craftItem.immersiveengineering.wooden_device1":4,"stat.drop.xreliquary.mob_ingredient":1,"stat.craftItem.tp.cobblegen_block":3,"stat.mineBlock.minecraft.netherrack":286,"stat.mineBlock.actuallyadditions.block_tiny_torch":23,"stat.useItem.betterbuilderswands.wandstone":113,"stat.useItem.exnihilocreatio.crook_stone":75,"stat.craftItem.minecraft.iron_nugget":9,"stat.fallOneCm":315965,"stat.pickup.minecraft.melon_seeds":1,"stat.crouchOneCm":36085,"stat.mineBlock.minecraft.chest":1,"stat.craftItem.minecraft.chest":34,"stat.craftItem.minecraft.iron_ingot":50,"stat.craftItem.minecraft.hopper":4,"stat.drop.exnihilocreatio.item_ore_tin":7,"stat.pickup.ceramics.clay_hard":10,"stat.drop.minecraft.bone":9,"stat.pickup.minecraft.dye":118,"stat.pickup.exnihilocreatio.item_ore_gold":316,"stat.pickup.minecraft.planks":2,"stat.pickup.exnihilocreatio.item_ore_titanium":19,"stat.pickup.minecraft.wheat_seeds":2,"stat.mineBlock.minecraft.gravel":719,"stat.useItem.minecraft.stone_pickaxe":292,"stat.useItem.minecraft.stone_sword":73,"stat.mineBlock.minecraft.dirt":16,"stat.pickup.exnihilocreatio.item_mesh":16,"stat.drop.minecraft.paper":5,"stat.useItem.minecraft.torch":3,"stat.mineBlock.exnihilocreatio.block_dust":6,"stat.drop.minecraft.rotten_flesh":8,"stat.useItem.minecraft.cobblestone":1449,"stat.pickup.tp.plump_pear":1,"stat.pickup.minecraft.magma":1,"stat.craftItem.minecraft.crafting_table":3,"stat.pickup.mysticalagradditions.insanium":64,"stat.useItem.minecraft.gravel":437,"stat.craftItem.ceramics.clay_bucket":2,"stat.drop.tconstruct.soil":3,"stat.pickup.minecraft.log":172,"stat.craftItem.exnihilocreatio.block_sieve":1,"stat.craftItem.minecraft.redstone_ore":1,"stat.pickup.minecraft.sapling":99,"stat.pickup.enderio.block_ender_generator":2,"stat.pickup.minecraft.apple":6,"stat.craftItem.tconstruct.smeltery_controller":1,"stat.useItem.nuclearcraft.dominos":12,"stat.craftItem.minecraft.planks":611,"stat.pickup.exnihilocreatio.item_ore_mithril":22,"stat.mineBlock.minecraft.log":172,"stat.pickup.exnihilocreatio.item_ore_cobalt":5,"stat.craftItem.magneticraft.ingots":3,"stat.craftItem.minecraft.cooked_chicken":1,"stat.pickup.embers.ancient_motive_core":13,"stat.mineBlock.netherex.thornstalk":6,"stat.drop.nuclearcraft.dominos":1,"stat.pickup.immersiveengineering.metal_device1":1,"stat.killEntity.BabySkeleton":1,"stat.sneakTime":13990,"stat.pickup.exnihilocreatio.block_sieve":3,"stat.drop.minecraft.bucket":1,"stat.pickup.minecraft.stone_slab":29,"stat.craftItem.minecraft.cobblestone":89,"stat.pickup.minecraft.chest":3,"stat.drop.minecraft.stone_pickaxe":1,"stat.mineBlock.ceramics.faucet":2,"stat.pickup.minecraft.bone":103,"stat.craftItem.storagedrawers.basicdrawers":15,"stat.craftItem.ceramics.unfired_clay":3,"stat.pickup.immersiveengineering.wooden_device1":3,"stat.craftItem.storagedrawers.drawer_key":2,"stat.mineBlock.minecraft.cobblestone":376,"stat.pickup.minecraft.flint":61,"stat.drop.thermalfoundation.material":2,"stat.drop.storagedrawers.drawer_key":3,"stat.pickup.exnihilocreatio.item_ore_lead":74,"stat.swimOneCm":38681,"stat.pickup.enderio.item_dark_steel_sword":1,"stat.pickup.minecraft.enchanted_book":1,"stat.drop.minecraft.cobblestone":12,"stat.pickup.tp.plump_peach":1,"stat.pickup.lootbags.itemlootbag":35,"stat.useItem.minecraft.obsidian":10,"stat.useItem.minecraft.dirt":5,"stat.useItem.minecraft.stone_slab2":139,"stat.pickup.forge.bucketfilled":1,"stat.drop.betterbuilderswands.wandstone":1,"stat.drop.projectred-core.resource_item":1,"stat.craftItem.minecraft.trapdoor":102,"stat.craftItem.minecraft.stone_pickaxe":4,"stat.mineBlock.minecraft.magma":1,"stat.pickup.minecraft.cobblestone":88,"stat.drop.minecraft.record_cat":1,"stat.mineBlock.minecraft.clay":1,"stat.useItem.exnihilocreatio.hammer_stone":932,"stat.pickup.exnihilocreatio.item_seed_cactus":1,"stat.flyOneCm":1214021,"stat.pickup.minecraft.clay":7,"stat.pickup.minecraft.glass_bottle":1,"stat.pickup.minecraft.soul_sand":1,"stat.pickup.appliedenergistics2.material":167,"stat.pickup.actuallyadditions.item_booklet":1,"stat.craftItem.minecraft.wooden_slab":12,"stat.useItem.thermaldynamics.duct_32":26,"stat.ae2.TurnedCranks":60,"stat.pickup.minecraft.redstone":40,"stat.timeSinceDeath":54811,"stat.drop.magneticraft.ingots":3,"stat.drop.minecraft.log":6,"stat.useItem.minecraft.wooden_slab":40,"stat.pickup.exnihilocreatio.item_ore_iridium":11,"stat.pickup.actuallyadditions.item_rice_seed":1,"stat.craftItem.immersiveengineering.treated_wood":48,"stat.useItem.nuclearcraft.milk_chocolate":10,"stat.drop.abyssalcraft.shadowgem":2,"stat.pickup.minecraft.nether_wart":1,"stat.craftItem.tconstruct.seared":4,"stat.pickup.tconstruct.soil":3,"stat.pickup.minecraft.trapdoor":4,"stat.killEntity.Creeper":16,"stat.craftItem.tconstruct.soil":16,"stat.pickup.botania.manaresource":358,"stat.pickup.exnihilocreatio.item_seed_jungle":1,"stat.pickup.tconstruct.smeltery_controller":3,"stat.pickup.netherex.thornstalk":4,"stat.pickup.tcomplement.porcelain_casting":3,"stat.craftItem.exnihilocreatio.hammer_stone":13,"stat.pickup.tombstone.crafting_ingredient":16,"stat.craftItem.exnihilocreatio.item_ore_zinc":8,"stat.craftItem.minecraft.stone_slab2":0,"stat.pickup.actuallyadditions.block_tiny_torch":25,"stat.drop.exnihilocreatio.item_ore_aluminum":1,"stat.craftItem.tconstruct.tooltables":3,"stat.craftItem.thermaldynamics.duct_32":84,"stat.pickup.thermaldynamics.duct_32":2,"stat.sprintOneCm":974544,"stat.killEntity.ancient_golem":16,"stat.mineBlock.minecraft.stone_slab":36,"stat.drop.minecraft.leather":6,"stat.mineBlock.tcomplement.porcelain_melter":2,"stat.craftItem.minecraft.stick":28,"stat.useItem.minecraft.stone_slab":101,"stat.pickup.exnihilocreatio.block_netherrack_crushed":148,"stat.pickup.exnihilocreatio.item_material":15,"stat.craftItem.minecraft.stone":2,"stat.useItem.lootbags.itemlootbag":1,"stat.pickup.endermanevo.friender_pearl":1,"stat.craftItem.mysticalagriculture.tier1_inferium_seeds":1,"stat.pickup.natura.nether_heat_sand":1,"stat.useItem.ceramics.faucet":1,"stat.pickup.storagedrawers.drawer_key":3,"stat.pickup.rockcandy.raw_rock_candy":13,"stat.drop.exnihilocreatio.block_dust":3,"stat.craftItem.minecraft.clay_ball":8,"stat.pickup.exnihilocreatio.block_waterwheel":5,"stat.mineBlock.minecraft.planks":2,"stat.drop":168,"stat.craftItem.actuallyadditions.item_misc":16,"stat.useItem.tconstruct.seared":3,"stat.killEntity.Zombie":18,"stat.craftItem.exnihilocreatio.item_ore_copper":43,"stat.pickup.ceramics.faucet":5,"stat.diveOneCm":54190,"stat.pickup.minecraft.wheat":4,"stat.pickup.tconstruct.tooltables":4,"stat.pickup.storagedrawers.basicdrawers":1,"stat.pickup.exnihilocreatio.crook_stone":1,"stat.useItem.actuallyadditions.block_tiny_torch":53,"stat.craftItem.exnihilocreatio.item_ore_osmium":13,"stat.useItem.thermalfoundation.wrench":4,"stat.pickup.minecraft.gravel":707,"stat.useItem.minecraft.glass_bottle":2,"stat.mineBlock.tconstruct.smeltery_controller":1,"stat.pickup.minecraft.stone_axe":1,"stat.craftItem.betterbuilderswands.wandstone":8,"stat.useItem.minecraft.apple":3,"stat.drop.lootbags.itemlootbag":70,"stat.useItem.exnihilocreatio.block_dust":1,"stat.pickup.exnihilocreatio.item_ore_tin":76,"stat.pickup.contenttweaker.rak_coin":125,"stat.pickup.everlastingabilities.ability_bottle":1,"stat.useItem.storagedrawers.basicdrawers":7,"stat.jump":7824,"stat.useItem.minecraft.sand":139,"stat.pickup.minecraft.coal":57,"stat.pickup.minecraft.iron_ingot":24,"stat.useItem.tconstruct.tooltables":1,"stat.useItem.minecraft.stone_axe":143,"stat.pickup.minecraft.gunpowder":70,"stat.pickup.minecraft.spider_eye":4,"stat.pickup.minecraft.dirt":11,"stat.useItem.minecraft.cooked_chicken":1,"stat.pickup.tcomplement.porcelain_tank":3,"stat.useItem.minecraft.sapling":5,"stat.pickup.actuallyadditions.item_flax_seed":1,"stat.craftItem.exnihilocreatio.item_ore_iron":192,"stat.pickup.actuallyadditions.item_coffee_seed":2,"stat.mineBlock.tconstruct.tooltables":2,"stat.pickup.exnihilocreatio.item_ore_platinum":95,"stat.damageTaken":9935,"stat.pickup.mysticalagriculture.crafting":21,"stat.pickup.minecraft.reeds":2,"stat.pickup.exnihilocreatio.item_ore_silver":80,"stat.mineBlock.tconstruct.stone_torch":1,"stat.drop.enderio.item_dark_steel_sword":2,"stat.pickup.exnihilocreatio.item_seed_potato":1,"stat.craftItem.exnihilocreatio.item_ore_yellorium":2,"stat.pickup.tconstruct.materials":57,"stat.useItem.forge.bucketfilled":1,"stat.entityKilledBy.Zombie":2,"stat.damageDealt":6752,"stat.craftItem.minecraft.glass":2,"stat.drop.randomthings.lavacharm":2,"stat.pickup.netherex.gloomy_netherrack":2,"stat.craftItem.minecraft.stone_slab":126,"stat.walkOneCm":928434,"stat.pickup.ceramics.clay_bucket":2,"stat.drop.ceramics.faucet":2,"stat.playerKills":1,"stat.useItem.minecraft.chest":4,"stat.craftItem.tconstruct.smeltery_io":2,"stat.pickup.minecraft.stick":59,"stat.pickup.minecraft.clay_ball":4,"stat.craftItem.thermaldynamics.servo":4,"stat.pickup.immersiveengineering.treated_wood":20,"stat.drop.tconstruct.materials":5,"stat.useItem.storagedrawers.drawer_key":12,"stat.craftItem.exnihilocreatio.item_ore_nickel":12,"stat.mineBlock.netherex.gloomy_netherrack":3,"stat.craftItem.randomthings.advanceditemcollector":2,"stat.pickup.exnihilocreatio.item_ore_yellorium":65,"stat.craftItem.randomthings.itemcollector":2,"stat.drop.exnihilocreatio.item_ore_zinc":8,"stat.drop.minecraft.wooden_slab":1,"stat.pickup.minecraft.gold_ingot":3,"stat.useItem.minecraft.netherrack":146,"stat.killEntity.Skeleton":16,"stat.craftItem.exnihilocreatio.item_ore_tin":14,"stat.mineBlock.tcomplement.porcelain_casting":1,"stat.mobKills":79,"stat.craftItem.exnihilocreatio.item_ore_gold":123,"stat.craftItem.actuallyadditions.block_tiny_torch":42,"stat.pickup.xreliquary.witch_hat":2,"stat.pickup.minecraft.diamond":5,"stat.mineBlock.minecraft.leaves":72,"stat.useItem.thermaldynamics.servo":1,"stat.drop.exnihilocreatio.item_mesh":5,"stat.craftItem.exnihilocreatio.item_ore_silver":14,"stat.craftItem.minecraft.brick":4,"stat.craftItem.exnihilocreatio.item_mesh":20,"stat.craftItem.exnihilocreatio.item_ore_aluminum":16,"stat.mineBlock.exnihilocreatio.block_sieve":3}