{"stat.useItem.minecraft.bow":1,"stat.mineBlock.sky_orchards.log_coal":60,"stat.craftItem.sky_orchards.sapling_sand":1,"stat.craftItem.mysticalagradditions.nether_star_seeds":1,"stat.craftItem.mysticalagriculture.infusion_crystal":3,"stat.pickup.mekanism.machineblock2":47,"stat.drop.minecraft.gunpowder":70,"stat.pickup.sky_orchards.resin_quartz":2867,"stat.pickup.mekanism.machineblock3":1,"stat.craftItem.sky_orchards.amber_osmium":295,"stat.pickup.deepmoblearning.polymer_clay":64,"stat.entityKilledBy.Human":3,"stat.pickup.tconstruct.faucet":23,"stat.pickup.rustic.crushing_tub":2,"stat.mineBlock.sky_orchards.log_dirt":34,"stat.pickup.minecraft.rotten_flesh":3874,"stat.pickup.uppers.upper":2,"stat.craftItem.minecraft.stone_axe":5,"stat.pickup.sky_orchards.resin_emerald":546,"stat.pickup.minecraft.cobblestone_wall":40,"stat.pickup.minecraft.bucket":7,"stat.killEntity.Enderman":3,"stat.mineBlock.slabmachines.furnace_slab":4,"stat.pickup.integrateddynamics.menril_berries":243,"stat.mineBlock.minecraft.end_stone":8,"stat.pickup.cyclicmagic.fan":5,"stat.pickup.horsepower.grindstone":6,"stat.pickup.minecraft.double_plant":2,"stat.pickup.tconstruct.seared_glass":4,"stat.craftItem.mysticalagriculture.ghast_seeds":1,"stat.pickup.darkutils.trap_move_hyper":16,"stat.craftItem.cyclicmagic.energy_pump":2,"stat.pickup.mysticalagriculture.lapis_lazuli_essence":1,"stat.furnaceInteraction":478,"stat.pickup.headcrumbs.skull":1,"stat.entityKilledBy.WitherSkeleton":4,"stat.pickup.minecraft.sponge":2,"stat.craftItem.sky_orchards.acorn_dirt":1,"stat.pickup.sky_orchards.acorn_coal":1249,"stat.pickup.mob_grinding_utils.spikes":4,"stat.useItem.compactstorage.compactchest":17,"stat.pickup.deepmoblearning.living_matter_overworldian":83,"stat.pickup.sky_orchards.acorn_dirt":1483,"stat.pickup.mysticalagriculture.tier1_inferium_seeds":32,"stat.pickup.extendedcrafting.material":9,"stat.mineBlock.tconstruct.ore":25,"stat.mineBlock.sky_orchards.log_quartz":6,"stat.mineBlock.tp.diamond_cobblegen_block":5,"stat.mineBlock.minecraft.sponge":1,"stat.drop.thermaldynamics.servo":3,"stat.mineBlock.minecraft.fence":1,"stat.useItem.minecraft.flint_and_steel":2,"stat.craftItem.mysticalagriculture.prudentium_furnace":1,"stat.useItem.minecraft.wheat_seeds":1,"stat.pickup.cyclicmagic.energy_pump":5,"stat.craftItem.mysticalagriculture.dye_seeds":2,"stat.mineBlock.sky_orchards.log_tin":23,"stat.craftItem.morecauldrons.cobble_cauldron":6,"stat.pickup.minecraft.emerald":26,"stat.pickup.sky_orchards.sapling_copper":69,"stat.craftItem.mysticalagriculture.supremium_bow":3,"stat.pickup.minecraft.lever":20,"stat.deaths":118,"stat.useItem.tconstruct.smeltery_io":25,"stat.pickup.minecraft.egg":9,"stat.pickup.xlfoodmod.raw_corn":50,"stat.pickup.sky_orchards.sapling_lapis":18,"stat.pickup.integrateddynamics.energy_battery":2,"stat.pickup.minecraft.glass_pane":58,"stat.pickup.mekanism.energycube":1,"stat.drop.minecraft.iron_ingot":1,"stat.craftItem.minecraft.repeater":29,"stat.useItem.sky_orchards.sapling_sand":11,"stat.useItem.mekanismgenerators.generator":8,"stat.chestOpened":3011,"stat.pickup.thermalfoundation.wrench":2,"stat.useItem.sky_orchards.acorn_petrified":1,"stat.pickup.mysticalagriculture.platinum_essence":68,"stat.pickup.minecraft.iron_sword":2,"stat.mineBlock.mysticalagriculture.ultimate_reprocessor":1,"stat.craftItem.cyclicmagic.clock":27,"stat.pickup.sky_orchards.acorn_cobalt":12,"stat.pickup.mekanism.mufflingupgrade":1,"stat.pickup.minecraft.lapis_ore":36,"stat.mineBlock.sky_orchards.leaves_iron":943,"stat.craftItem.minecraft.quartz_block":135,"stat.pickup.minecraft.gold_nugget":2,"stat.pickup.minecraft.chorus_flower":3,"stat.craftItem.minecraft.coal":1941,"stat.craftItem.uppers.upper":1,"stat.craftItem.buildinggadgets.buildingtool":2,"stat.pickup.deepmoblearning.simulation_chamber":1,"stat.pickup.mysticalagriculture.enderman_essence":4,"stat.craftItem.mysticalagriculture.stone_seeds":1,"stat.pickup.minecraft.carrot":120,"stat.pickup.inspirations.dyed_bottle":7,"stat.crouchOneCm":232224,"stat.craftItem.minecraft.diamond":3186,"stat.craftItem.minecraft.iron_ingot":3527,"stat.pickup.rustic.grape_stem":12,"stat.pickup.mysticalagriculture.emerald_essence":2,"stat.pickup.bonsaitrees.bonsaipot":253,"stat.craftingTableInteraction":3,"stat.mineBlock.minecraft.wooden_pressure_plate":1,"stat.craftItem.cyclicmagic.fan":2,"stat.mineBlock.tconstruct.rack":4,"stat.useItem.cyclicmagic.trash":69,"stat.craftItem.tconstruct.pattern":3,"stat.mineBlock.minecraft.log2":15,"stat.mineBlock.tconstruct.smeltery_io":7,"stat.craftItem.cyclicmagic.block_fragile_weak":256,"stat.craftItem.tconstruct.seared_glass":12,"stat.pickup.minecraft.dye":1561,"stat.craftItem.cyclicmagic.sprout_seed":4,"stat.pickup.minecraft.planks":1058,"stat.pickup.mysticalagriculture.cow_seeds":1,"stat.pickup.sky_orchards.resin_iron":3802,"stat.useItem.cyclicmagic.spikes_iron":1,"stat.pickup.thermaldynamics.duct_16":90,"stat.pickup.sky_orchards.acorn_prosperity":26,"stat.mineBlock.horsepower.grindstone":5,"stat.craftItem.minecraft.magma":18,"stat.pickup.storagenetwork.ex_kabel":3,"stat.craftItem.thermaldynamics.duct_16":54,"stat.pickup.compactstorage.compactchest":5,"stat.pickup.tconstruct.pattern":16,"stat.pickup.sky_orchards.sapling_iron":291,"stat.drop.minecraft.rotten_flesh":8,"stat.pickup.minecraft.magma":8,"stat.pickup.sky_orchards.amber_diamond":5,"stat.craftItem.bdsandm.metal_crate":41,"stat.pickup.cyclicmagic.sprout_seed":3,"stat.drop.bonsaitrees.bonsaipot":1,"stat.pickup.appliedenergistics2.chest":1,"stat.pickup.sky_orchards.resin_gravel":459,"stat.drop.xlfoodmod.coffee_cup":2,"stat.pickup.sky_orchards.resin_silver":688,"stat.pickup.minecraft.chicken":14,"stat.craftItem.cyclicmagic.auto_crafter":8,"stat.pickup.minecraft.tipped_arrow":1,"stat.pickup.minecraft.end_stone":17,"stat.pickup.minecraft.coal_block":2,"stat.useItem.mysticalagriculture.growth_accelerator":305,"stat.craftItem.minecraft.bucket":11,"stat.craftItem.minecraft.planks":17557,"stat.pickup.fluxnetworks.flux":1,"stat.craftItem.minecraft.dirt":321,"stat.pickup.minecraft.stone_sword":3,"stat.craftItem.minecraft.fishing_rod":1,"stat.useItem.mysticalagriculture.emerald_seeds":8,"stat.craftItem.rustic.fertile_soil":292,"stat.pickup.sky_orchards.leaves_petrified":192,"stat.useItem.carryon.entity_item":2,"stat.craftItem.storagenetwork.master":2,"stat.pickup.sky_orchards.amber_copper":17,"stat.pickup.appliedenergistics2.part":79,"stat.mineBlock.cyclicmagic.placer_block":3,"stat.useItem.sky_orchards.sapling_netherrack":1,"stat.craftItem.minecraft.cobblestone":54,"stat.craftItem.mysticalagriculture.wither_skeleton_seeds":1,"stat.drop.sky_orchards.resin_dirt":2,"stat.pickup.cyclicmagic.sprinkler":3,"stat.mineBlock.minecraft.cobblestone":692,"stat.mineBlock.minecraft.pumpkin":2,"stat.pickup.minecraft.stone_pickaxe":1,"stat.pickup.minecraft.flint":204,"stat.killEntity.Human":72,"stat.pickup.rustic.mooncap_mushroom":2,"stat.drop.mekanism.otherdust":5,"stat.craftItem.mysticalagriculture.blaze_seeds":1,"stat.craftItem.compactstorage.chestbuilder":1,"stat.useItem.thermaldynamics.duct_16":25,"stat.drop.minecraft.cobblestone":2,"stat.mineBlock.morecauldrons.oak_cauldron":1,"stat.craftItem.mob_grinding_utils.absorption_hopper":8,"stat.drop.sky_orchards.leaves_dirt":61,"stat.useItem.minecraft.stone_slab2":1396,"stat.pickup.forge.bucketfilled":2,"stat.pickup.minecraft.stone_hoe":2,"stat.craftItem.minecraft.furnace":19,"stat.useItem.mysticalagriculture.fire_seeds":7,"stat.craftItem.minecraft.lapis_block":34,"stat.pickup.thermalfoundation.ore":90,"stat.pickup.tp.cobblegen_block":4,"stat.mineBlock.cyclicmagic.trash":16,"stat.mineBlock.minecraft.clay":2,"stat.pickup.minecraft.diamond_leggings":3,"stat.craftItem.storagenetwork.ex_kabel":8,"stat.pickup.mekanism.enrichedalloy":40,"stat.pickup.appliedenergistics2.storage_cell_64k":1,"stat.craftItem.tp.reinforced_obsidian":30,"stat.useItem.thermaldynamics.duct_32":1251,"stat.mineBlock.morecauldrons.cobble_cauldron":7,"stat.mineBlock.fluxnetworks.fluxpoint":6,"stat.pickup.mysticalagriculture.enderium_essence":1,"stat.useItem.minecraft.wooden_slab":740,"stat.drop.minecraft.spider_eye":2,"stat.drop.matteroverdrive.phaser_rifle":1,"stat.craftItem.minecraft.iron_block":8,"stat.pickup.thermaldynamics.retriever":85,"stat.craftItem.telepastries.overworld_cake":1,"stat.pickup.thermaldynamics.duct_0":153,"stat.useItem.tconstruct.rack":2,"stat.pickup.sky_orchards.acorn_lead":732,"stat.killEntity.Creeper":39,"stat.pickup.minecraft.wooden_sword":1,"stat.ae2.ItemsInserted":4139,"stat.craftItem.mysticalagriculture.master_infusion_crystal":6,"stat.craftItem.mysticalagriculture.enderium_seeds":2,"stat.pickup.tombstone.crafting_ingredient":367,"stat.entityKilledBy.Skeleton":1,"stat.craftItem.tconstruct.stone_stick":8,"stat.useItem.sky_orchards.sapling_petrified":16,"stat.pickup.thermaldynamics.duct_32":637,"stat.killEntity.Squid":3,"stat.sprintOneCm":4375470,"stat.mineBlock.minecraft.stone_slab":178,"stat.useItem.carryon.tile_item":53,"stat.craftItem.industrialforegoing.black_hole_tank":1,"stat.mineBlock.uppers.upper":1,"stat.mineBlock.sky_orchards.leaves_petrified":583,"stat.craftItem.mysticalagriculture.supremium_chestplate":6,"stat.mineBlock.sky_orchards.sapling_iron":1,"stat.pickup.sky_orchards.sapling_emerald":35,"stat.pickup.inspirations.wooden_crook":2,"stat.craftItem.sky_orchards.amber_prosperity":53,"stat.pickup.cookingforblockheads.sink":1,"stat.pickup.mysticalagriculture.supremium_furnace":1,"stat.craftItem.mysticalagriculture.tier4_inferium_seeds":1,"stat.craftItem.mysticalagriculture.water_seeds":1,"stat.pickup.minecraft.sugar":77,"stat.craftItem.darkutils.trap_move_fast":8,"stat.pickup.sky_orchards.resin_diamond":799,"stat.mineBlock.bonsaitrees.bonsaipot":129,"stat.craftItem.minecraft.emerald":47,"stat.pickup.mysticalagriculture.tier5_inferium_seeds":144,"stat.pickup.minecraft.iron_block":8,"stat.killEntity.Zombie":62,"stat.craftItem.minecraft.dye":2567,"stat.useItem.animalcrops.seeds":44,"stat.craftItem.minecraft.diamond_axe":1,"stat.craftItem.minecraft.slime_ball":44,"stat.pickup.minecraft.wheat":219,"stat.mineBlock.tp.iron_cobblegen_block":4,"stat.pickup.pickletweaks.magnet":1,"stat.pickup.deepmoblearning.pristine_matter_zombie":43,"stat.mineBlock.tconstruct.slime_leaves":84,"stat.pickup.minecraft.obsidian":205,"stat.pickup.storagenetwork.kabel":52,"stat.pickup.mysticalagriculture.supremium_sword":1,"stat.pickup.sky_orchards.resin_clay":480,"stat.pickup.xlfoodmod.onion":4,"stat.useItem.mysticalagriculture.iron_seeds":7,"stat.pickup.minecraft.coal":1341,"stat.pickup.minecraft.iron_ingot":115,"stat.pickup.tconstruct.seared_tank":8,"stat.mineBlock.sky_orchards.leaves_copper":55,"stat.craftItem.minecraft.lever":5,"stat.mineBlock.tp.reinforced_obsidian":4,"stat.drop.minecraft.diamond_sword":1,"stat.pickup.minecraft.gunpowder":7070,"stat.mineBlock.sky_orchards.log_sand":51,"stat.pickup.tombstone.dark_marble":2,"stat.pickup.minecraft.dirt":25,"stat.pickup.cyclicmagic.clock":154,"stat.drop.tconstruct.clear_glass":1,"stat.pickup.minecraft.cookie":3,"stat.craftItem.mysticalagriculture.redstone_seeds":1,"stat.mineBlock.minecraft.torch":232,"stat.mineBlock.industrialforegoing.latex_processing_unit":1,"stat.pickup.minecraft.written_book":7,"stat.mineBlock.minecraft.red_flower":5,"stat.pickup.minecraft.magma_cream":18,"stat.craftItem.minecraft.glowstone":6,"stat.craftItem.mysticalagriculture.intermedium_furnace":2,"stat.pickup.appliedenergistics2.interface":1,"stat.pickup.cyclicmagic.block_user":10,"stat.pickup.sky_orchards.leaves_netherrack":128,"stat.pickup.astralsorcery.blockcustomore":569,"stat.pickup.minecraft.rabbit_hide":1,"stat.pickup.minecraft.diamond_axe":1,"stat.drop.nuclearcraft.accelerator_electromagnet_idle":1,"stat.pickup.sky_orchards.sapling_clay":191,"stat.pickup.statues.blockplayerstatue":20,"stat.killEntity.bouncy_creepers.bouncy_creeper":118,"stat.useItem.storagenetwork.storage_kabel":54,"stat.pickup.sky_orchards.amber_lapis":144,"stat.mineBlock.mysticalagriculture.supremium_reprocessor":2,"stat.craftItem.tconstruct.smeltery_io":29,"stat.drop.minecraft.wheat":2,"stat.pickup.minecraft.diamond_pickaxe":1,"stat.pickup.appliedenergistics2.quartz_glass":32,"stat.craftItem.mysticalagriculture.diamond_seeds":1,"stat.useItem.minecraft.lava_bucket":10,"stat.craftItem.morecauldrons.oak_cauldron":1,"stat.craftItem.slabmachines.chest_slab":2,"stat.pickup.sky_orchards.sapling_donut":1,"stat.pickup.tconstruct.clear_glass":84,"stat.drop.minecraft.netherrack":18,"stat.craftItem.mysticalagriculture.tier3_inferium_seeds":2,"stat.pickup.sky_orchards.acorn_netherrack":914,"stat.pickup.mob_grinding_utils.tank":12,"stat.mineBlock.cyclicmagic.dehydrator":1,"stat.craftItem.storagenetwork.im_kabel":4,"stat.pickup.teslacorelib.machine_case":1,"stat.pickup.sky_orchards.acorn_glowstone":3,"stat.craftItem.tconstruct.fancy_frame":30,"stat.craftItem.mysticalagriculture.nether_seeds":1,"stat.useItem.cyclicmagic.item_pipe":12,"stat.pickup.minecraft.cooked_beef":804,"stat.drop.minecraft.lever":1,"stat.drop.mysticalagriculture.supremium_bow":1,"stat.entityKilledBy.rogue_android":2,"stat.craftItem.minecraft.cookie":8,"stat.craftItem.mysticalagriculture.obsidian_seeds":1,"stat.mobKills":754,"stat.pickup.cyclicmagic.fluid_pipe":57,"stat.pickup.minecraft.diamond_boots":2,"stat.craftItem.fluxnetworks.flux":173,"stat.drop.minecraft.written_book":1,"stat.craftItem.minecraft.lead":2,"stat.mineBlock.tconstruct.wooden_hopper":1,"stat.craftItem.mysticalagriculture.nature_seeds":1,"stat.pickup.minecraft.diamond":8277,"stat.pickup.minecraft.beetroot_seeds":31,"stat.mineBlock.rustic.crushing_tub":1,"stat.craftItem.mysticalagriculture.lead_seeds":1,"stat.mineBlock.sky_orchards.log_petrified":53,"stat.useItem.cyclicmagic.energy_pipe":26,"stat.pickup.tp.diamond_cobblegen_block":6,"stat.mineBlock.cyclicmagic.clock":135,"stat.pickup.cyclicmagic.energy_pipe":22,"stat.useItem.inspirations.potato_seeds":1,"stat.useItem.minecraft.soul_sand":12,"stat.mineBlock.cyclicmagic.item_pipe":10,"stat.killEntity.Blaze":49,"stat.pickup.mysticalagriculture.iron_essence":1,"stat.mineBlock.mob_grinding_utils.absorption_hopper":19,"stat.useItem.cyclicmagic.fluid_pump":5,"stat.pickup.sky_orchards.resin_lead":454,"stat.craftItem.teslacorelib.machine_case":2,"stat.pickup.minecraft.glowstone_dust":10,"stat.drop.minecraft.wooden_door":2,"stat.pickup.matteroverdrive.omni_tool":2,"stat.drop.sky_orchards.sapling_petrified":1,"stat.useItem.darkutils.trap_move_hyper":7,"stat.pickup.minecraft.observer":14,"stat.craftItem.tconstruct.casting":34,"stat.craftItem.minecraft.cobblestone_wall":60,"stat.mineBlock.minecraft.sand":1,"stat.pickup.storagenetwork.request":1,"stat.pickup.inspirations.mulch":316,"stat.mineBlock.sky_orchards.leaves_netherrack":51,"stat.craftItem.mysticalagriculture.fire_seeds":1,"stat.hopperInspected":77,"stat.pickup.tconstruct.slime_sapling":68,"stat.mineBlock.cyclicmagic.auto_packager":2,"stat.pickup.mekanismgenerators.generator":15,"stat.pickup.minecraft.ghast_tear":12,"stat.craftItem.fluxnetworks.fluxplug":1,"stat.pickup.telepastries.overworld_cake":1,"stat.craftItem.minecraft.magma_cream":94,"stat.pickup.integrateddynamics.menril_leaves":1298,"stat.craftItem.minecraft.observer":20,"stat.pickup.tconstruct.cleaver":1,"stat.drop.matteroverdrive.rogue_android_part":2,"stat.pickup.minecraft.wooden_button":6,"stat.craftItem.thermalfoundation.material":494,"stat.craftItem.industrialforegoing.crop_recolector":1,"stat.useItem.industrialforegoing.crop_sower":1,"stat.pickup.cyclicmagic.spikes_iron":3,"stat.craftItem.cyclicmagic.spikes_iron":2,"stat.craftItem.cyclicmagic.block_user":10,"stat.pickup.deepmoblearning.data_model_zombie":1,"stat.pickup.mysticalagriculture.nature_essence":194,"stat.pickup.mysticalagriculture.tier2_inferium_seeds":2,"stat.pickup.mysticalagradditions.stuff":8,"stat.useItem.thermaldynamics.duct_0":88,"stat.craftItem.cyclicmagic.block_soundproofing":8,"stat.pickup.mysticalagriculture.ultimate_reprocessor":1,"stat.useItem.bdsandm.metal_crate":144,"stat.killEntity.Horse":3,"stat.pickup.sky_orchards.leaves_lapis":384,"stat.mineBlock.storagenetwork.kabel":28,"stat.pickup.minecraft.stone_stairs":11,"stat.craftItem.mysticalagriculture.storage":8329,"stat.pickup.tconstruct.slime_dirt":2,"stat.pickup.thermalinnovation.magnet":1,"stat.pickup.minecraft.saddle":1,"stat.craftItem.minecraft.obsidian":384,"stat.pickup.matteroverdrive.dilithium_ore":590,"stat.craftItem.nuclearcraft.water_source_compact":1,"stat.pickup.minecraft.blaze_rod":127,"stat.craftItem.minecraft.diamond_block":48,"stat.pickup.nuclearcraft.dust":91,"stat.pickup.mekanism.otherdust":273,"stat.pickup.animalcrops.seeds":87,"stat.craftItem.mysticalagriculture.supremium_helmet":6,"stat.mineBlock.cyclicmagic.block_user":10,"stat.drop.statues.blockplayerstatue":1,"stat.pickup.minecraft.netherrack":63,"stat.craftItem.darkutils.trap_move":8,"stat.pickup.minecraft.pumpkin":2,"stat.craftItem.fluxnetworks.fluxpoint":3,"stat.useItem.slabmachines.crafting_station_slab":1,"stat.pickup.tconstruct.casting":12,"stat.pickup.mysticalagradditions.dragon_egg_essence":1,"stat.craftItem.storagenetwork.kabel":152,"stat.craftItem.mysticalagriculture.cow_seeds":1,"stat.pickup.sky_orchards.acorn_petrified":700,"stat.pickup.sky_orchards.resin_sand":1182,"stat.craftItem.telepastries.end_cake":1,"stat.craftItem.minecraft.iron_hoe":1,"stat.pickup.sky_orchards.resin_gold":343,"stat.craftItem.inspirations.mulch":88,"stat.pickup.sky_orchards.leaves_bone":732,"stat.pickup.sky_orchards.sapling_cobalt":3,"stat.pickup.nuclearcraft.ore":440,"stat.craftItem.tconstruct.wooden_hopper":1,"stat.pickup.minecraft.melon_seeds":3,"stat.drop.matteroverdrive.omni_tool":1,"stat.mineBlock.sky_orchards.leaves_sand":432,"stat.pickup.minecraft.heavy_weighted_pressure_plate":47,"stat.pickup.minecraft.emerald_ore":20,"stat.pickup.sky_orchards.resin_tin":960,"stat.pickup.sky_orchards.leaves_emerald":254,"stat.drop.minecraft.bone":11,"stat.useItem.minecraft.furnace":3,"stat.craftItem.tconstruct.materials":543,"stat.pickup.sky_orchards.amber_osmium":18,"stat.pickup.nuclearcraft.gem":40,"stat.pickup.mysticalagriculture.emerald_seeds":1,"stat.pickup.minecraft.iron_leggings":1,"stat.mineBlock.minecraft.gravel":1,"stat.pickup.mysticalagriculture.intermedium_furnace":1,"stat.mineBlock.sky_orchards.log_bone":23,"stat.pickup.industrialforegoing.pitiful_fuel_generator":5,"stat.craftItem.minecraft.leather":129,"stat.pickup.cyclicmagic.block_storeempty":1,"stat.drop.integrateddynamics.menril_log":1,"stat.pickup.minecraft.flint_and_steel":1,"stat.pickup.mekanism.ingot":302,"stat.useItem.minecraft.torch":463,"stat.pickup.minecraft.golden_apple":8,"stat.craftItem.minecraft.redstone_block":102,"stat.craftItem.mysticalagriculture.iron_seeds":1,"stat.craftItem.minecraft.stone_stairs":12,"stat.pickup.advancementbook.advancement_book":1,"stat.useItem.minecraft.log":6,"stat.pickup.minecraft.crafting_table":22,"stat.pickup.sky_orchards.acorn_gold":666,"stat.craftItem.minecraft.crafting_table":29,"stat.drop.sky_orchards.resin_copper":2,"stat.pickup.nuclearcraft.water_source_compact":3,"stat.pickup.cyclicmagic.dehydrator":2,"stat.pickup.minecraft.redstone_block":17490,"stat.drop.sky_orchards.acorn_gravel":2,"stat.useItem.mysticalagriculture.soulium_dagger":554,"stat.pickup.sky_orchards.acorn_sand":922,"stat.drop.minecraft.planks":12,"stat.pickup.sky_orchards.amber_tin":38,"stat.pickup.minecraft.sapling":69,"stat.pickup.mysticalagriculture.growth_accelerator":388,"stat.pickup.minecraft.beetroot":1,"stat.craftItem.thermaldynamics.retriever":254,"stat.mineBlock.tconstruct.toolforge":1,"stat.killEntity.WitherSkeleton":105,"stat.craftItem.enderstorage.ender_pouch":1,"stat.mineBlock.mysticalagriculture.intermedium_furnace":1,"stat.pickup.sky_orchards.acorn_lapis":590,"stat.craftItem.minecraft.sugar":65,"stat.craftItem.mysticalagriculture.gold_seeds":1,"stat.useItem.sky_orchards.sapling_coal":10,"stat.pickup.sky_orchards.sapling_diamond":85,"stat.pickup.minecraft.stone_slab":186,"stat.craftItem.sky_orchards.sapling_prosperity":2,"stat.pickup.minecraft.yellow_flower":23,"stat.drop.minecraft.ghast_tear":1,"stat.pickup.cyclicmagic.block_fragile_weak":400,"stat.mineBlock.sky_orchards.log_netherrack":6,"stat.drop.minecraft.stone_pickaxe":1,"stat.craftItem.minecraft.diamond_chestplate":1,"stat.pickup.minecraft.bone":2940,"stat.horseOneCm":186124,"stat.mineBlock.sky_orchards.leaves_gravel":542,"stat.craftItem.sky_orchards.sapling_quartz":3,"stat.pickup.sky_orchards.resin_dirt":770,"stat.useItem.minecraft.diamond_sword":177,"stat.craftItem.tconstruct.slimesling":1,"stat.craftItem.minecraft.diamond_helmet":1,"stat.climbOneCm":19748,"stat.craftItem.minecraft.gold_block":46,"stat.pickup.tconstruct.slime_leaves":1137,"stat.pickup.industrialforegoing.plastic":289,"stat.mineBlock.mekanism.energycube":1,"stat.craftItem.inspirations.stone_crook":1,"stat.ae2.ItemsExtracted":780,"stat.entityKilledBy.ranged_rogue_android":6,"stat.pickup.tp.watering_can":7,"stat.craftItem.minecraft.bone_block":143,"stat.craftItem.minecraft.trapdoor":186,"stat.craftItem.minecraft.quartz":4,"stat.craftItem.minecraft.stone_pickaxe":10,"stat.pickup.minecraft.cobblestone":9199,"stat.craftItem.mysticalagriculture.soulstone":200,"stat.pickup.minecraft.soul_sand":2320,"stat.craftItem.cyclicmagic.storage_bag":1,"stat.mineBlock.industrialforegoing.tree_fluid_extractor":1,"stat.pickup.sky_orchards.resin_coal":119,"stat.useItem.minecraft.cooked_beef":120,"stat.pickup.minecraft.cactus":8,"stat.pickup.minecraft.dragon_egg":2,"stat.drop.cyclicmagic.storage_bag":1,"stat.pickup.sky_orchards.sapling_petrified":187,"stat.pickup.minecraft.redstone":420,"stat.craftItem.minecraft.dispenser":18,"stat.craftItem.minecraft.book":2,"stat.killEntity.ranged_rogue_android":18,"stat.craftItem.storagenetwork.upgrade":8,"stat.pickup.minecraft.cake":5,"stat.pickup.minecraft.iron_shovel":6,"stat.pickup.minecraft.trapdoor":7,"stat.mineBlock.storagenetwork.storage_kabel":95,"stat.useItem.xlfoodmod.coffee":1,"stat.craftItem.tconstruct.soil":1747,"stat.pickup.tconstruct.smeltery_controller":3,"stat.craftItem.darkutils.wither_block":1,"stat.mineBlock.sky_orchards.leaves_clay":328,"stat.craftItem.tconstruct.slime_boots":1,"stat.pickup.mysticalagriculture.wither_skeleton_seeds":1,"stat.pickup.minecraft.nether_star":5,"stat.craftItem.thermaldynamics.duct_32":460,"stat.pickup.minecraft.paper":1,"stat.craftItem.minecraft.stick":504,"stat.pickup.practicallogistics2.sapphireore":18,"stat.craftItem.minecraft.gold_nugget":252,"stat.pickup.minecraft.grass":1,"stat.craftItem.cyclicmagic.auto_packager":1,"stat.pickup.industrialforegoing.black_hole_tank":5,"stat.drop.xlfoodmod.raw_corn":2,"stat.pickup.minecraft.diamond_chestplate":2,"stat.craftItem.minecraft.clay_ball":72,"stat.entityKilledBy.Creeper":1,"stat.pickup.xlfoodmod.coffee_cup":2,"stat.pickup.sky_orchards.resin_copper":207,"stat.pickup.mekanism.speedupgrade":1,"stat.mineBlock.minecraft.planks":1689,"stat.drop":194,"stat.useItem.tconstruct.seared":576,"stat.pickup.mekanism.basicblock":1,"stat.pickup.sky_orchards.acorn_cottonwood":651,"stat.pickup.cyclicmagic.fluid_pump":12,"stat.craftItem.minecraft.piston":3,"stat.pickup.morecauldrons.cobble_cauldron":8,"stat.pickup.minecraft.fence":1,"stat.useItem.minecraft.stone_axe":256,"stat.craftItem.mysticalagriculture.lapis_lazuli_seeds":1,"stat.drop.thermalinnovation.magnet":1,"stat.pickup.farmingforblockheads.market":13,"stat.mineBlock.cyclicmagic.item_pump":3,"stat.pickup.sky_orchards.leaves_cottonwood":384,"stat.craftItem.minecraft.flint_and_steel":1,"stat.mineBlock.tconstruct.tooltables":11,"stat.craftItem.fluxnetworks.fluxblock":6,"stat.craftItem.mysticalagriculture.gear":76,"stat.mineBlock.minecraft.stone_stairs":13,"stat.craftItem.minecraft.iron_bars":176,"stat.mineBlock.minecraft.furnace":1,"stat.pickup.industrialforegoing.tinydryrubber":161,"stat.pickup.minecraft.stained_glass":2,"stat.damageDealt":70386,"stat.pickup.sky_orchards.resin_glowstone":2,"stat.craftItem.mysticalagradditions.insanium":22,"stat.craftItem.minecraft.anvil":1,"stat.craftItem.minecraft.gravel":150,"stat.craftItem.mekanism.atomicdisassembler":1,"stat.craftItem.nuclearcraft.part":48,"stat.pickup.ceramics.clay_bucket":1,"stat.pickup.minecraft.stick":12182,"stat.mineBlock.compactstorage.compactchest":5,"stat.craftItem.cyclicmagic.item_pipe":16,"stat.pickup.tombstone.ankh_of_pray":2,"stat.pickup.sky_orchards.acorn_clay":1276,"stat.pickup.sky_orchards.acorn_emerald":1080,"stat.drop.tp.reinforced_obsidian":3,"stat.mineBlock.sky_orchards.log_gravel":92,"stat.craftItem.minecraft.diamond_boots":1,"stat.drop.telepastries.overworld_cake":1,"stat.pickup.storagenetwork.im_kabel":3,"stat.pickup.sky_orchards.acorn_gravel":1233,"stat.craftItem.mekanismgenerators.generator":1,"stat.pickup.industrialforegoing.laser_lens":1,"stat.craftItem.nuclearcraft.manufactory_idle":1,"stat.craftItem.minecraft.redstone":225,"stat.pickup.minecraft.chorus_fruit":1,"stat.mineBlock.cyclicmagic.sprinkler":2,"stat.pickup.thermaldynamics.servo":65,"stat.pickup.sky_orchards.sapling_silver":153,"stat.craftItem.tp.watering_can":3,"stat.craftItem.bdsandm.wood_crate":54,"stat.useItem.tp.growth_upgrade_two":3,"stat.useItem.mysticalagradditions.dragon_egg_seeds":8,"stat.killEntity.Chicken":2,"stat.useItem.mysticalagriculture.gold_seeds":1,"stat.pickup.mekanism.controlcircuit":26,"stat.craftItem.mekanism.machineblock2":5,"stat.mineBlock.minecraft.quartz_ore":18,"stat.useItem.cyclicmagic.auto_crafter":4,"stat.pickup.slabmachines.chest_slab":4,"stat.craftItem.minecraft.fence":1413,"stat.mineBlock.minecraft.leaves":171,"stat.mineBlock.tp.emerald_cobblegen_block":4,"stat.mineBlock.tconstruct.seared":383,"stat.craftItem.mysticalagriculture.emerald_seeds":2,"stat.useItem.thermaldynamics.retriever":231,"stat.pickup.sky_orchards.leaves_copper":364,"stat.pickup.sky_orchards.acorn_osmium":5451,"stat.pickup.minecraft.wooden_slab":331,"stat.pickup.fenceoverhaul.oak_overhauledfence":19,"stat.leaveGame":28,"stat.craftItem.thermalfoundation.wrench":1,"stat.pickup.sky_orchards.resin_prosperity":1,"stat.craftItem.darkutils.material":8,"stat.pickup.tconstruct.edible":998,"stat.useItem.cyclicmagic.placer_block":2,"stat.craftItem.minecraft.ender_eye":186,"stat.mineBlock.farmingforblockheads.market":12,"stat.drop.mysticalagriculture.supremium_sword":1,"stat.craftItem.minecraft.stone_pressure_plate":69,"stat.useItem.elevatorid.elevator_white":3,"stat.mineBlock.industrialforegoing.crop_recolector":2,"stat.pickup.sky_orchards.resin_cottonwood":1010,"stat.pickup.sky_orchards.acorn_diamond":218,"stat.drop.twilightforest.ore_magnet":1,"stat.craftItem.telepastries.nether_cake":1,"stat.craftItem.sky_orchards.sapling_gravel":1,"stat.pickup.sky_orchards.sapling_dirt":171,"stat.pickup.minecraft.brick_block":4,"stat.drop.sky_orchards.acorn_netherrack":9,"stat.mineBlock.minecraft.wooden_slab":209,"stat.pickup.mysticalagriculture.chunk":69,"stat.pickup.integrateddynamics.menril_sapling":159,"stat.craftItem.bdsandm.upgrade":59,"stat.pickup.sky_orchards.resin_petrified":634,"stat.mineBlock.industrialforegoing.water_resources_collector":1,"stat.craftItem.minecraft.wooden_pickaxe":1,"stat.craftItem.fluxnetworks.fluxcontroller":1,"stat.craftItem.enderstorage.ender_storage":7,"stat.useItem.tconstruct.ore":1,"stat.mineBlock.tconstruct.clear_glass":41,"stat.mineBlock.deepmoblearning.simulation_chamber":1,"stat.pickup.cyclicmagic.item_pump":5,"stat.mineBlock.minecraft.hopper":27,"stat.pickup.thermalfoundation.material":1386,"stat.craftItem.tp.iron_cobblegen_block":2,"stat.craftItem.mysticalagradditions.stuff":62,"stat.drop.minecraft.gravel":4,"stat.pickup.industrialforegoing.pink_slime":27,"stat.killEntity.ZombieVillager":7,"stat.craftItem.cyclicmagic.fluid_pipe":64,"stat.mineBlock.sky_orchards.leaves_quartz":51,"stat.killEntity.pink_slime":4,"stat.craftItem.industrialforegoing.dryrubber":298,"stat.craftItem.mysticalagriculture.crafting":10298,"stat.drop.sky_orchards.acorn_dirt":1,"stat.craftItem.storagenetwork.storage_kabel":52,"stat.craftItem.minecraft.beef":1192,"stat.useItem.minecraft.trapdoor":181,"stat.pickup.inspirations.potato_seeds":9,"stat.pickup.sky_orchards.sapling_coal":160,"stat.useItem.mysticalagriculture.tin_seeds":1,"stat.pickup.mob_grinding_utils.absorption_hopper":18,"stat.pickup.mysticalagriculture.diamond_essence":13,"stat.pickup.tconstruct.smeltery_io":9,"stat.drop.sky_orchards.sapling_netherrack":2,"stat.pickup.tp.iron_cobblegen_block":5,"stat.useItem.mysticalagriculture.lapis_lazuli_seeds":5,"stat.craftItem.minecraft.dropper":67,"stat.pickup.sky_orchards.leaves_coal":386,"stat.useItem.minecraft.dye":890,"stat.mineBlock.enderstorage.ender_storage":20,"stat.pickup.bdsandm.crate_key":2,"stat.pickup.sky_orchards.leaves_dirt":442,"stat.pickup.storagenetwork.remote":6,"stat.killEntity.thermalfoundation.blitz":3,"stat.mineBlock.minecraft.tallgrass":22,"stat.pickup.tconstruct.seared":389,"stat.useItem.mob_grinding_utils.absorption_hopper":4,"stat.pickup.sky_orchards.acorn_quartz":2926,"stat.mineBlock.mekanism.machineblock2":1,"stat.pickup.inspirations.stone_crook":2,"stat.pickup.minecraft.arrow":2604,"stat.craftItem.mekanism.machineblock":3,"stat.pickup.sky_orchards.resin_redstone":986,"stat.pickup.minecraft.wooden_pressure_plate":32,"stat.killEntity.Ghast":1,"stat.drop.mysticalagriculture.supremium_leggings":1,"stat.useItem.mysticalagriculture.wither_skeleton_seeds":7,"stat.mineBlock.industrialforegoing.crop_sower":5,"stat.useItem.minecraft.clay":2,"stat.useItem.xlfoodmod.raw_corn":2,"stat.mineBlock.elevatorid.elevator_white":3,"stat.pickup.tconstruct.cast_custom":3,"stat.useItem.sky_orchards.sapling_gravel":27,"stat.mineBlock.minecraft.chest":279,"stat.drop.cyclicmagic.block_enchanter":2,"stat.craftItem.minecraft.hopper":181,"stat.pickup.sky_orchards.resin_lapis":1141,"stat.craftItem.mysticalagriculture.superium_furnace":1,"stat.craftItem.cyclicmagic.trash":37,"stat.drop.sky_orchards.resin_iron":4,"stat.pickup.sky_orchards.sapling_tin":224,"stat.craftItem.mysticalagradditions.special":1,"stat.pickup.sky_orchards.acorn_redstone":136,"stat.pickup.astralsorcery.blockcustomsandore":249,"stat.pickup.mysticalagriculture.redstone_essence":1,"stat.useItem.storagenetwork.process_kabel":7,"stat.mineBlock.cyclicmagic.fluid_pipe":2,"stat.pickup.bdsandm.metal_crate":98,"stat.mineBlock.cyclicmagic.melter":1,"stat.pickup.minecraft.wheat_seeds":210,"stat.drop.mysticalagriculture.crafting":25,"stat.pickup.darkutils.material":59,"stat.craftItem.mysticalagriculture.soul_glass":64,"stat.pickup.pickletweaks.dye_powder":3,"stat.pickup.sky_orchards.acorn_iron":3951,"stat.mineBlock.minecraft.dirt":5,"stat.pickup.mysticalagriculture.nether_seeds":5,"stat.pickup.inspirations.carrot_seeds":7,"stat.useItem.cyclicmagic.clock":134,"stat.useItem.minecraft.cobblestone":5683,"stat.useItem.minecraft.gravel":9,"stat.pickup.cyclicmagic.auto_packager":3,"stat.pickup.industrialforegoing.laser_base":1,"stat.pickup.matteroverdrive.tritanium_spine":15,"stat.pickup.cyclicmagic.auto_crafter":4,"stat.pickup.minecraft.iron_pickaxe":2,"stat.craftItem.minecraft.gold_ingot":27,"stat.pickup.minecraft.hopper":73,"stat.mineBlock.industrialforegoing.black_hole_tank":7,"stat.pickup.minecraft.apple":36,"stat.mineBlock.sky_orchards.sapling_gravel":5,"stat.craftItem.industrialforegoing.water_resources_collector":1,"stat.useItem.mekanism.atomicdisassembler":1913,"stat.drop.storagenetwork.remote":6,"stat.pickup.morecauldrons.oak_cauldron":1,"stat.mineBlock.minecraft.log":10,"stat.useItem.minecraft.wooden_door":2,"stat.pickup.rustic.sapling_apple":7,"stat.craftItem.minecraft.paper":12,"stat.useItem.cyclicmagic.fluid_pipe":11,"stat.craftItem.nuclearcraft.water_source":11,"stat.pickup.minecraft.red_flower":7,"stat.mineBlock.cyclicmagic.energy_pipe":17,"stat.cakeSlicesEaten":113,"stat.pickup.sky_orchards.resin_cobalt":12,"stat.craftItem.storagenetwork.remote":2,"stat.craftItem.minecraft.diamond_leggings":2,"stat.craftItem.tconstruct.edible":20,"stat.pickup.sky_orchards.resin_osmium":3514,"stat.drop.tconstruct.slime_sapling":1,"stat.craftItem.sky_orchards.sapling_cookie":1,"stat.mineBlock.minecraft.yellow_flower":4,"stat.useItem.minecraft.skull":11,"stat.craftItem.minecraft.wool":63,"stat.pickup.pickletweaks.coal_piece":346,"stat.mineBlock.mysticalagriculture.soul_glass":1,"stat.pickup.minecraft.glowstone":54,"stat.craftItem.minecraft.saddle":1,"stat.pickup.industrialforegoing.range_addon":8,"stat.mineBlock.cyclicmagic.energy_pump":4,"stat.pickup.minecraft.bow":6,"stat.mineBlock.fluxnetworks.fluxplug":1,"stat.craftItem.mysticalagriculture.tier2_inferium_seeds":20,"stat.useItem.xlfoodmod.corn_seeds":3,"stat.useItem.tconstruct.clear_glass":291,"stat.pickup.minecraft.coal_ore":32,"stat.craftItem.minecraft.cooked_beef":1041,"stat.mineBlock.minecraft.obsidian":12,"stat.mineBlock.sky_orchards.leaves_dirt":279,"stat.craftItem.minecraft.bow":1,"stat.craftItem.sky_orchards.amber_gold":185,"stat.craftItem.cyclicmagic.item_pump":1,"stat.mineBlock.nuclearcraft.water_source_compact":3,"stat.flyOneCm":13279342,"stat.pickup.industrialforegoing.crop_recolector":3,"stat.mineBlock.sky_orchards.leaves_coal":639,"stat.pickup.minecraft.fish":12,"stat.mineBlock.cyclicmagic.block_enchanter":1,"stat.mineBlock.sky_orchards.log_copper":6,"stat.mineBlock.cyclicmagic.spikes_iron":3,"stat.killEntity.twilightforest.mini_ghast":2,"stat.timeSinceDeath":254098,"stat.pickup.minecraft.quartz_ore":331,"stat.useItem.morebuckets.insanium_bucket":12,"stat.useItem.cyclicmagic.block_user":5,"stat.killEntity.Bat":2,"stat.useItem.sky_orchards.leaves_gravel":1,"stat.mineBlock.industrialforegoing.pitiful_fuel_generator":4,"stat.craftItem.tconstruct.seared":232,"stat.craftItem.fluxnetworks.fluxcore":48,"stat.pickup.minecraft.shield":5,"stat.craftItem.minecraft.stone_hoe":1,"stat.useItem.tp.toasted_bread":1,"stat.pickup.minecraft.string":12,"stat.pickup.sky_orchards.amber_iron":1,"stat.mineBlock.minecraft.ladder":8,"stat.craftItem.morebuckets.insanium_bucket":2,"stat.pickup.sky_orchards.resin_netherrack":286,"stat.craftItem.mysticalagriculture.supremium_leggings":3,"stat.useItem.minecraft.written_book":1,"stat.craftItem.tconstruct.tooltables":28,"stat.pickup.sky_orchards.sapling_bacon":1,"stat.pickup.minecraft.bone_block":119,"stat.craftItem.minecraft.apple":96,"stat.useItem.enderstorage.ender_storage":12,"stat.craftItem.mysticalagriculture.tier1_inferium_seeds":10,"stat.pickup.sky_orchards.leaves_gravel":455,"stat.craftItem.bdsandm.crate_key":1,"stat.mineBlock.mysticalagradditions.special":1,"stat.pickup.mekanism.configurator":1,"stat.pickup.sky_orchards.leaves_silver":475,"stat.pickup.tconstruct.ore":25,"stat.pickup.morebuckets.insanium_bucket":1,"stat.useItem.minecraft.ladder":19,"stat.pickup.sky_orchards.leaves_lead":315,"stat.mineBlock.practicallogistics2.hammer":1,"stat.diveOneCm":89163,"stat.pickup.tconstruct.tooltables":14,"stat.pickup.mysticalagriculture.ultimate_furnace":1,"stat.craftItem.minecraft.ladder":9,"stat.pickup.minecraft.stone_axe":1,"stat.craftItem.mysticalagriculture.enderman_seeds":1,"stat.useItem.bonsaitrees.bonsaipot":408,"stat.pickup.mysticalagriculture.master_infusion_crystal":1,"stat.pickup.deepmoblearning.extraction_chamber":1,"stat.pickup.minecraft.stained_glass_pane":40,"stat.pickup.mysticalagriculture.tier3_inferium_seeds":1,"stat.useItem.minecraft.rotten_flesh":4,"stat.pickup.deepmoblearning.data_model_blaze":1,"stat.pickup.matteroverdrive.tritanium_ore":653,"stat.drop.minecraft.sponge":1,"stat.craftItem.minecraft.diamond_sword":1,"stat.jump":39068,"stat.mineBlock.mekanism.boundingblock":1,"stat.craftItem.minecraft.torch":100,"stat.useItem.morecauldrons.cobble_cauldron":3,"stat.craftItem.cyclicmagic.placer_block":2,"stat.pickup.sky_orchards.resin_bone":193,"stat.pickup.minecraft.gold_ore":16,"stat.pickup.mysticalagriculture.tier4_inferium_seeds":1,"stat.mineBlock.thermaldynamics.duct_32":29,"stat.pickup.nuclearcraft.alloy":1,"stat.damageTaken":46776,"stat.pickup.cyclicmagic.trash":22,"stat.useItem.minecraft.end_crystal":6,"stat.drop.sky_orchards.acorn_diamond":2,"stat.pickup.simplegenerators.culinary_simple":1,"stat.pickup.appliedenergistics2.storage_cell_1k":1,"stat.pickup.minecraft.log2":34,"stat.drop.sky_orchards.sapling_gravel":1,"stat.craftItem.sky_orchards.amber_lead":691,"stat.pickup.bdsandm.upgrade":19,"stat.pickup.tconstruct.ingots":118,"stat.pickup.xlfoodmod.rice_seeds":2,"stat.useItem.forge.bucketfilled":9,"stat.pickup.minecraft.potato":23,"stat.useItem.mob_grinding_utils.spikes":2,"stat.entityKilledBy.Zombie":1,"stat.craftItem.minecraft.stone_slab":402,"stat.useItem.minecraft.chest":466,"stat.pickup.sky_orchards.acorn_nickel":770,"stat.pickup.sky_orchards.leaves_gold":398,"stat.pickup.sky_orchards.sapling_bone":142,"stat.useItem.mysticalagradditions.supremium_paxel":874,"stat.pickup.sky_orchards.leaves_sand":695,"stat.craftItem.mekanism.ingot":18,"stat.pickup.tp.emerald_cobblegen_block":4,"stat.craftItem.sky_orchards.amber_silver":80,"stat.drop.animalcrops.seeds":1,"stat.useItem.mysticalagriculture.supremium_sword":47,"stat.useItem.tconstruct.faucet":28,"stat.pickup.cyclicmagic.block_fragile_auto":16,"stat.craftItem.mysticalagriculture.supremium_boots":4,"stat.craftItem.rustic.crushing_tub":2,"stat.pickup.thermalfoundation.storage":143,"stat.pickup.minecraft.ender_pearl":107,"stat.drop.minecraft.wooden_slab":2,"stat.pickup.minecraft.ladder":16,"stat.useItem.minecraft.netherrack":8,"stat.craftItem.cyclicmagic.fluid_pump":17,"stat.craftItem.mysticalagriculture.invar_seeds":1,"stat.useItem.minecraft.cobblestone_wall":88,"stat.pickup.mekanism.energyupgrade":1,"stat.pickup.deepmoblearning.deep_learner":1,"stat.pickup.minecraft.torch":1094,"stat.useItem.thermaldynamics.servo":8,"stat.drop.minecraft.stone_axe":1,"stat.mineBlock.tp.cobblegen_block":3,"stat.drop.minecraft.arrow":1,"stat.pickup.mysticalagradditions.nether_star_essence":6,"stat.useItem.fenceoverhaul.oak_overhauledfence":29,"stat.craftItem.minecraft.nether_star":19,"stat.mineBlock.tconstruct.seared_tank":8,"stat.pickup.minecraft.deadbush":2,"stat.pickup.tconstruct.wooden_hopper":1,"stat.pickup.deepmoblearning.living_matter_hellish":50,"stat.craftItem.minecraft.iron_axe":2,"stat.drop.cyclicmagic.energy_pipe":1,"stat.pickup.minecraft.lapis_block":13783,"stat.pickup.mysticalagriculture.fire_essence":6,"stat.craftItem.storagenetwork.request":2,"stat.drop.minecraft.trapdoor":2,"stat.useItem.fluxnetworks.fluxpoint":3,"stat.useItem.minecraft.planks":1910,"stat.mineBlock.sky_orchards.leaves_tin":95,"stat.pickup.matteroverdrive.phaser_rifle":4,"stat.pickup.cyclicmagic.placer_block":3,"stat.pickup.enderstorage.ender_storage":18,"stat.pickup.minecraft.porkchop":12,"stat.useItem.mysticalagradditions.tier6_inferium_seeds":49,"stat.pickup.minecraft.glass":53,"stat.pickup.minecraft.blaze_powder":112,"stat.pickup.tconstruct.slimesling":2,"stat.useItem.minecraft.water_bucket":78,"stat.useItem.sky_orchards.sapling_iron":27,"stat.pickup.minecraft.sand":950,"stat.craftItem.minecraft.golden_apple":12,"stat.pickup.mysticalagriculture.storage":1,"stat.pickup.contenttweaker.cobblestone_circuit_mold":4,"stat.drop.mekanism.atomicdisassembler":2,"stat.craftItem.darkutils.trap_move_hyper":8,"stat.craftItem.mysticalagriculture.tin_seeds":1,"stat.useItem.mysticalagriculture.obsidian_seeds":8,"stat.drop.appliedenergistics2.part":2,"stat.useItem.minecraft.ender_pearl":3,"stat.pickup.elevatorid.elevator_white":4,"stat.craftItem.cyclicmagic.sprinkler":1,"stat.mineBlock.cyclicmagic.block_soundproofing":2,"stat.craftItem.minecraft.blaze_powder":206,"stat.pickup.sky_orchards.sapling_nickel":132,"stat.craftItem.storagenetwork.process_kabel":16,"stat.craftItem.minecraft.name_tag":2,"stat.pickup.xlfoodmod.lettuce_seeds":3,"stat.craftItem.cookingforblockheads.sink":1,"stat.pickup.minecraft.furnace":22,"stat.craftItem.minecraft.ender_pearl":256,"stat.pickup.tconstruct.cast":6,"stat.pickup.sky_orchards.acorn_copper":318,"stat.pickup.xlfoodmod.vanilla_flower":2,"stat.craftItem.industrialforegoing.range_addon":3,"stat.pickup.minecraft.skull":183,"stat.useItem.minecraft.stone_stairs":11,"stat.craftItem.minecraft.ghast_tear":6,"stat.craftItem.minecraft.netherrack":161,"stat.pickup.fluxnetworks.fluxpoint":9,"stat.useItem.tconstruct.seared_glass":7,"stat.pickup.cyclicmagic.block_soundproofing":3,"stat.craftItem.minecraft.sand":781,"stat.craftItem.nuclearcraft.gem":14,"stat.useItem.minecraft.hopper":45,"stat.pickup.practicallogistics2.stoneplate":36,"stat.useItem.storagenetwork.kabel":31,"stat.craftItem.minecraft.heavy_weighted_pressure_plate":86,"stat.useItem.mysticalagriculture.dirt_seeds":9,"stat.playOneMinute":4647709,"stat.useItem.rustic.fertile_soil":376,"stat.pickup.tconstruct.rack":4,"stat.craftItem.mysticalagriculture.growth_accelerator":1410,"stat.drop.minecraft.string":2,"stat.mineBlock.storagenetwork.request":1,"stat.craftItem.mysticalagradditions.dragon_egg_seeds":1,"stat.useItem.tp.iron_cobblegen_block":1,"stat.pickup.minecraft.iron_bars":113,"stat.craftItem.mysticalagriculture.soulium_dagger":2,"stat.pickup.minecraft.dispenser":6,"stat.craftItem.minecraft.pumpkin_pie":1,"stat.entityKilledBy.thermalfoundation.blitz":2,"stat.pickup.tp.toasted_bread":1,"stat.craftItem.mysticalagriculture.tier5_inferium_seeds":1,"stat.craftItem.tp.cobblegen_block":6,"stat.mineBlock.minecraft.netherrack":33,"stat.mineBlock.bdsandm.metal_crate":75,"stat.pickup.sky_orchards.amber_cottonwood":64,"stat.mineBlock.appliedenergistics2.cable_bus":1,"stat.pickup.practicallogistics2.hammer":1,"stat.craftItem.mysticalagriculture.chunk":32,"stat.mineBlock.tconstruct.faucet":15,"stat.craftItem.mob_grinding_utils.spikes":5,"stat.craftItem.minecraft.iron_nugget":558,"stat.fallOneCm":4010866,"stat.pickup.sky_orchards.sapling_netherrack":131,"stat.craftItem.minecraft.chest":907,"stat.useItem.inspirations.mulch":13,"stat.mineBlock.minecraft.lever":12,"stat.pickup.minecraft.red_mushroom":2,"stat.pickup.minecraft.milk_bucket":3,"stat.pickup.sky_orchards.sapling_sand":489,"stat.pickup.minecraft.feather":9,"stat.pickup.sky_orchards.leaves_redstone":657,"stat.mineBlock.fenceoverhaul.oak_overhauledfence":19,"stat.pickup.sky_orchards.sapling_gold":321,"stat.pickup.matteroverdrive.weapon_module_barrel":1,"stat.pickup.rustic.fertile_soil":266,"stat.pickup.slabmachines.furnace_slab":7,"stat.pickup.storagenetwork.process_kabel":9,"stat.pickup.thermalfoundation.glass":1,"stat.useItem.mysticalagriculture.diamond_seeds":16,"stat.pickup.minecraft.lead":9,"stat.mineBlock.sky_orchards.sapling_petrified":3,"stat.craftItem.tconstruct.seared_tank":1,"stat.useItem.minecraft.stone_pickaxe":538,"stat.useItem.minecraft.stone_sword":1,"stat.pickup.mysticalagriculture.wither_skeleton_essence":14,"stat.craftItem.mysticalagradditions.tier6_inferium_seeds":1,"stat.pickup.minecraft.redstone_ore":43,"stat.drop.advancementbook.advancement_book":1,"stat.craftItem.sky_orchards.amber_tin":25,"stat.pickup.mysticalagriculture.supremium_reprocessor":2,"stat.pickup.sky_orchards.sapling_prosperity":1,"stat.useItem.minecraft.iron_bars":6,"stat.mineBlock.cyclicmagic.block_storeempty":1,"stat.pickup.sky_orchards.leaves_clay":294,"stat.useItem.cyclicmagic.fan":100,"stat.pickup.industrialforegoing.water_resources_collector":1,"stat.pickup.mysticalagradditions.insanium":328,"stat.mineBlock.sky_orchards.sapling_coal":2,"stat.killEntity.LavaSlime":2,"stat.pickup.minecraft.log":24654,"stat.mineBlock.rustic.fertile_soil":351,"stat.pickup.deepmoblearning.soot_covered_plate":16,"stat.pickup.mekanism.machineblock":7,"stat.pickup.nuclearcraft.part":15,"stat.pickup.matteroverdrive.rogue_android_part":192,"stat.entityKilledBy.Enderman":2,"stat.pickup.mysticalagriculture.dye_essence":1,"stat.mineBlock.minecraft.iron_block":1,"stat.useItem.xlfoodmod.donut":5,"stat.craftItem.tconstruct.smeltery_controller":3,"stat.pickup.storagenetwork.upgrade":8,"stat.killEntity.rogue_android":33,"stat.pickup.minecraft.diamond_helmet":2,"stat.pickup.mysticalagriculture.soul_glass":63,"stat.mineBlock.darkutils.trap_move_hyper":8,"stat.craftItem.thermaldynamics.duct_0":55,"stat.mineBlock.sky_orchards.log_clay":24,"stat.useItem.minecraft.stone_hoe":13,"stat.useItem.cyclicmagic.block_soundproofing":3,"stat.useItem.integrateddynamics.menril_berries":1,"stat.pickup.tconstruct.slime_boots":2,"stat.sneakTime":96475,"stat.mineBlock.minecraft.cobblestone_wall":43,"stat.useItem.mysticalagriculture.enderium_seeds":1,"stat.mineBlock.mob_grinding_utils.tank":10,"stat.useItem.minecraft.beetroot":1,"stat.pickup.minecraft.chest":282,"stat.useItem.mysticalagriculture.tier1_inferium_seeds":56,"stat.pickup.minecraft.stone_pressure_plate":57,"stat.mineBlock.mysticalagriculture.growth_accelerator":213,"stat.craftItem.tconstruct.faucet":45,"stat.pickup.sky_orchards.amber_gold":21921,"stat.craftItem.sky_orchards.amber_iron":1774,"stat.swimOneCm":43981,"stat.pickup.tp.reinforced_obsidian":9,"stat.useItem.mysticalagriculture.nether_seeds":9,"stat.mineBlock.sky_orchards.log_cobalt":4,"stat.useItem.minecraft.dirt":17,"stat.useItem.storagenetwork.remote":43,"stat.pickup.sky_orchards.sapling_glowstone":1,"stat.craftItem.extendedcrafting.handheld_table":1,"stat.useItem.mysticalagriculture.blaze_seeds":8,"stat.pickup.minecraft.gold_block":84,"stat.craftItem.pickletweaks.coal_piece":292,"stat.pickup.sky_orchards.leaves_nickel":593,"stat.pickup.minecraft.clay":24,"stat.pickup.minecraft.glass_bottle":50,"stat.pickup.appliedenergistics2.material":634,"stat.pickup.sky_orchards.sapling_lead":112,"stat.craftItem.minecraft.wooden_slab":948,"stat.pickup.industrialforegoing.latex_processing_unit":1,"stat.mineBlock.cyclicmagic.auto_crafter":4,"stat.pickup.sky_orchards.resin_nickel":510,"stat.craftItem.minecraft.dragon_egg":1,"stat.pickup.minecraft.mutton":1,"stat.pickup.mekanism.electricbow":1,"stat.mineBlock.mekanismgenerators.generator":1,"stat.useItem.minecraft.lever":62,"stat.useItem.mysticalagriculture.redstone_seeds":7,"stat.mineBlock.minecraft.coal_block":1,"stat.pickup.sky_orchards.leaves_diamond":608,"stat.useItem.mysticalagriculture.supremium_bow":62,"stat.drop.inspirations.mulch":1,"stat.useItem.mysticalagradditions.special":8,"stat.useItem.sky_orchards.sapling_clay":5,"stat.craftItem.minecraft.blaze_rod":381,"stat.drop.minecraft.beetroot_seeds":2,"stat.mineBlock.cyclicmagic.block_fragile_weak":7,"stat.pickup.mysticalagriculture.cow_essence":3,"stat.craftItem.minecraft.reeds":64,"stat.craftItem.minecraft.brick_block":70,"stat.pickup.xlfoodmod.corn_seeds":77,"stat.craftItem.mekanism.energytablet":1,"stat.craftItem.minecraft.stone_slab2":0,"stat.pickup.sky_orchards.sapling_cottonwood":95,"stat.pickup.mysticalagriculture.water_essence":324,"stat.useItem.cyclicmagic.crafting_food":1,"stat.craftItem.cyclicmagic.crafting_food":1,"stat.useItem.minecraft.stone_slab":380,"stat.pickup.fluxnetworks.fluxplug":1,"stat.craftItem.minecraft.stone":3314,"stat.drop.tombstone.ankh_of_pray":1,"stat.pickup.integrateddynamics.menril_log":115,"stat.useItem.tconstruct.casting":50,"stat.useItem.minecraft.diamond_pickaxe":824,"stat.craftItem.animalcrops.seeds":135,"stat.craftItem.nuclearcraft.dust":142,"stat.pickup.mysticalagriculture.diamond_seeds":2,"stat.craftItem.minecraft.soul_sand":2260,"stat.craftItem.minecraft.diamond_pickaxe":1,"stat.useItem.mysticalagriculture.tier2_inferium_seeds":36,"stat.useItem.tp.reinforced_obsidian":32,"stat.pickup.nuclearcraft.ingot":63,"stat.craftItem.minecraft.clay":498,"stat.pickup.integrateddynamics.crystalized_menril_chunk":394,"stat.craftItem.mysticalagriculture.dirt_seeds":1,"stat.mineBlock.sky_orchards.leaves_cobalt":54,"stat.pickup.tconstruct.toolforge":1,"stat.useItem.thermalfoundation.wrench":877,"stat.mineBlock.sky_orchards.leaves_bone":94,"stat.drop.minecraft.wooden_pickaxe":1,"stat.pickup.minecraft.gravel":155,"stat.pickup.sky_orchards.amber_lead":38476,"stat.mineBlock.tconstruct.smeltery_controller":3,"stat.useItem.minecraft.diamond_axe":974,"stat.useItem.mysticalagriculture.tier4_inferium_seeds":9,"stat.pickup.cyclicmagic.block_enchanter":2,"stat.craftItem.mysticalagriculture.supremium_furnace":1,"stat.mineBlock.cyclicmagic.fan":5,"stat.pickup.mysticalagriculture.prudentium_furnace":1,"stat.craftItem.minecraft.brick_stairs":48,"stat.pickup.minecraft.diamond_sword":2,"stat.pickup.sky_orchards.leaves_iron":208,"stat.pickup.minecraft.brick":315,"stat.pickup.sky_orchards.acorn_tin":1803,"stat.craftItem.tconstruct.rack":2,"stat.pickup.minecraft.iron_helmet":1,"stat.useItem.tconstruct.tooltables":14,"stat.pickup.sky_orchards.sapling_redstone":498,"stat.craftItem.minecraft.poisonous_potato":3,"stat.pickup.mysticalagriculture.ghast_seeds":1,"stat.craftItem.bonsaitrees.bonsaipot":186,"stat.pickup.mysticalagriculture.nether_essence":153,"stat.pickup.minecraft.spider_eye":76,"stat.useItem.mysticalagriculture.tier5_inferium_seeds":92,"stat.pickup.minecraft.diamond_ore":17,"stat.craftItem.minecraft.end_crystal":1,"stat.useItem.cyclicmagic.block_fragile_weak":1,"stat.pickup.minecraft.iron_ore":26,"stat.pickup.tconstruct.slime_congealed":778,"stat.mineBlock.minecraft.iron_bars":2,"stat.pickup.inspirations.sugar_cane_seeds":28,"stat.pickup.minecraft.leaves":1547,"stat.pickup.minecraft.leather":86,"stat.useItem.minecraft.wooden_pickaxe":12,"stat.pickup.mysticalagriculture.crafting":9261,"stat.pickup.minecraft.reeds":62,"stat.craftItem.sky_orchards.amber_copper":2,"stat.pickup.mysticalagriculture.fertilized_essence":11,"stat.craftItem.slabmachines.crafting_station_slab":2,"stat.pickup.storagenetwork.storage_kabel":93,"stat.useItem.mysticalagriculture.tier3_inferium_seeds":36,"stat.pickup.tconstruct.materials":159,"stat.useItem.mysticalagriculture.stone_seeds":7,"stat.pickup.sky_orchards.sapling_quartz":130,"stat.pickup.sky_orchards.sapling_osmium":140,"stat.craftItem.minecraft.glass":15,"stat.craftItem.resourcehogs.mud_bucket":1,"stat.sleepInBed":14,"stat.pickup.tconstruct.stone_stick":8,"stat.mineBlock.sky_orchards.log_iron":133,"stat.killEntity.Pig":1,"stat.craftItem.minecraft.iron_sword":13,"stat.pickup.sky_orchards.acorn_bone":768,"stat.pickup.minecraft.piston":65,"stat.walkOneCm":7560162,"stat.playerKills":5,"stat.drop.resourcehogs.mud_bucket":1,"stat.pickup.minecraft.clay_ball":8,"stat.craftItem.inspirations.wooden_crook":1,"stat.craftItem.thermaldynamics.servo":12,"stat.craftItem.elevatorid.elevator_white":3,"stat.craftItem.morecauldrons.big_oak_cauldron":2,"stat.mineBlock.thermaldynamics.duct_0":15,"stat.pickup.mekanism.atomicalloy":60,"stat.pickup.cyclicmagic.melter":2,"stat.craftItem.industrialforegoing.mob_relocator":1,"stat.useItem.mysticalagriculture.enderman_seeds":8,"stat.pickup.minecraft.stone":27167,"stat.craftItem.sky_orchards.amber_redstone":46,"stat.pickup.sky_orchards.acorn_silver":1278,"stat.pickup.mekanism.atomicdisassembler":4,"stat.craftItem.mysticalagriculture.inferium_furnace":1,"stat.pickup.sky_orchards.sapling_gravel":247,"stat.pickup.minecraft.gold_ingot":163,"stat.killEntity.Skeleton":65,"stat.pickup.minecraft.record_mall":2,"stat.mineBlock.minecraft.cactus":6,"stat.craftItem.minecraft.skull":64,"stat.craftItem.cyclicmagic.energy_pipe":8,"stat.pickup.cyclicmagic.item_pipe":18,"stat.killEntity.Spider":4,"stat.mineBlock.inspirations.mulch":14,"stat.pickup.mysticalagradditions.tier6_inferium_seeds":68,"stat.drop.morebuckets.insanium_bucket":1,"stat.pickup.minecraft.quartz":193,"stat.useItem.mysticalagriculture.water_seeds":7,"stat.craftItem.industrialforegoing.book_manual":1,"stat.pickup.mysticalagriculture.soulstone":11,"stat.pickup.minecraft.water_bucket":3,"stat.pickup.sky_orchards.leaves_tin":514,"stat.mineBlock.tconstruct.casting":58,"stat.mineBlock.tp.growth_upgrade_two":3,"stat.pickup.minecraft.lava_bucket":1,"stat.craftItem.minecraft.brick":22,"stat.pickup.industrialforegoing.crop_sower":7}